Số TT,Mã MH,Tên MH (VN),Tên MH (EN),Còn mở lớp,Đơn vị quản lý,Loại MH,Mã cũ,Mã tương đương,Mã tiên quyết,Mã môn học trước,Số TCLT,Số TCTH
1,ACCT3603,Hệ thống thông tin kế toán,Accounting Information Systems,Đang mở,HTTT,CN,,,,,3,0
2,ACCT5123,Hoạch định nguồn lực doanh nghiệp,Enterprise Resource Planning,Đang mở,HTTT,CSN,,,,,3,0
3,ADENG1,Tiếng Anh tăng cường 1,Intensive English 1,Đang mở,HTTT,ĐC,ENG11,ENG04,,,0,0
4,ADENG2,Tiếng Anh tăng cường 2,Intensive English 2,Đang mở,HTTT,ĐC,ENG12,,,,0,0
5,ADENG3,Tiếng Anh tăng cường 3,Intensive English 3,Đang mở,HTTT,ĐC,,ENG05,ADENG2,,0,0
6,ADENG4,Tiếng Anh tăng cường 4,Intensive English 4,Đang mở,HTTT,ĐC,,ENG03,ADENG3,,0,0
7,AI001,Giới thiệu ngành Trí tuệ nhân tạo,Introduction to Artificial Intelligence,Đang mở,KHMT,ĐC,,CS005IE005IS005SE005CE005NT005NT015EC005DS005,,,1,0
8,AI002,Tư duy Trí tuệ nhân tạo,Artificial Intelligence Thinking,Đang mở,KHMT,CSN,,,,,3,1
9,AI301,Khởi nghiệp và sáng tạo,Entrepreneurship and Innovation,Đang mở,KHMT,CN,,,,,2,0
10,AI302,Kỹ thuật viết báo cáo và trình bày,Technical Report Writing and Presentation Skills,Đang mở,KHMT,CN,,,,,2,0
11,AI503,Đồ án tốt nghiệp,Capstone Project,Đang mở,KHMT,TN,,,,,6,0
12,AI504,Đồ án tốt nghiệp tại doanh nghiệp,Industry Capstone Project,Đang mở,KHMT,TN,,,,,10,0
13,AI505,Khoá luận tốt nghiệp,Thesis,Đang mở,KHMT,KLTN,,,,,10,0
14,BCH058,Kỹ năng truyền thông giao tiếp,Communications Techniques,Đang mở,PĐTĐH,CN,,,,,1,1
15,BOQC1,Nhập môn máy tính lượng tử,Basics of Quantum Computing,Đang mở,BMTL,BT,,,,,0,0
16,BUS1125,Khởi nghiệp kinh doanh,Entrepreneurship,Đang mở,PĐTĐH,CN,,,,,2,1
17,CARC1,Kiến trúc máy tính,Computer Architecture,Đang mở,KTMT,ĐC,,IT006,,,3,0
18,CE005,Giới thiệu ngành Kỹ Thuật Máy tính,Introduction to Computer Engineering,Đang mở,KTMT,ĐC,,CS005IE005IS005SE005NT005NT015EC005DS005AI001,,,1,0
19,CE006,Giới thiệu ngành Thiết kế vi mạch,Introduction to Integrated Circuit Design,Đang mở,KTMT,ĐC,,,,,1,0
20,CE101,Lý thuyết mạch điện,Theory of electrical circuits,Đang mở,KTMT,CSN,,CE121,,,4,0
21,CE102,Hệ thống số,Digital systems,Đang mở,KTMT,CN,,PH002,,,3,1
22,CE103,Vi xử lý-vi điều khiển,Microprocessors and Microcontrollers,Đang mở,KTMT,CSN,,,,IT006,3,1
23,CE104,Các thiết bị và mạch điện tử,Electronic devices and circuits,Đang mở,KTMT,CSN,,,,PH001CE101,3,0
24,CE105,Xử lý tín hiệu số,Digital Signal Processing,Đang mở,KTMT,CSN,CE205,CE205,,MA001MA002MA003,3,1
25,CE106,Thiết kế vi mạch với HDL,Digital Circuit Design with HDL,Đang mở,KTMT,CN,,CE221,,,3,1
26,CE107,Hệ thống nhúng,Embedded systems,Đang mở,KTMT,CSN,,CE224,,IT001IT006CE103,3,1
27,CE108,Hệ điều hành nâng cao,Advanced operating systems,Đang mở,KTMT,CN,,,,,3,0
28,CE109,Lập trình nhúng căn bản,Introduction to embedded-system programming,Đang mở,KTMT,CN,,CE211,,,2,1
29,CE110,Lập trình hệ thống với Java,System Programming with Java,Đang mở,KTMT,CN,,CE315,,,3,1
30,CE111,Kiến trúc máy tính nâng cao,Advanced computer architecture,Đang mở,KTMT,CĐTN,,,,IT006,2,1
31,CE112,Đồ án môn học thiết kế mạch,Circuit design project,Đang mở,KTMT,ĐA,,CE201,,,0,2
32,CE113,Điều khiển tự động,Automatic Control,Đang mở,KTMT,CN,,CE212,,,3,0
33,CE114,Lập trình trên thiết bị di động,Mobile device application development,Đang mở,KTMT,CN,,NT118,,,2,1
34,CE115,Thiết kế mạng,Network design,Đang mở,KTMT,CN,,NT113,,,3,1
35,CE116,Đồ án môn học ngành KTMT,Information engineering project,Đang mở,KTMT,ĐA,,CE206,,,0,2
36,CE117,Thực hành điện- điện tử,Basic electrical and electronic laboratory,Đang mở,KTMT,CSN,,,,PH001CE101,0,1
37,CE118,Thiết kế luận lý số,Digital Logic Design,Đang mở,KTMT,CSN,,,,PH002,3,1
38,CE119,Thực hành kiến trúc máy tính,Computer Architecture Laboratory,Đang mở,KTMT,CSN,,,,PH002,0,1
39,CE121,Lý thuyết mạch điện,Theory of Electrical Circuits,Đang mở,KTMT,CSN,,CE101CE122CE125,,,3,1
40,CE122,Phân tích mạch kỹ thuật,Engineering Circuit Analysis,Đang mở,KTMT,CN,,CE125,,,3,1
41,CE124,Các thiết bị và mạch điện tử,Electronic Devices and Circuits,Đang mở,KTMT,CSN,,CE104,,CE121,3,1
42,CE125,Kỹ thuật phân tích mạch,Introduction to Circuit Analysis,Đang mở,KTMT,CN,,,,,3,1
43,CE126,Vật lý bán dẫn và ứng dụng,Semiconductor Physics and Applications,Đang mở,KTMT,CN,,,,,3,1
44,CE201,Đồ án 1,Project 1,Đang mở,KTMT,ĐA,,,,PH002CE103CE121,0,2
45,CE202,An toàn mạng máy tính,Network security,Đang mở,KTMT,CN,,NT101,,,3,0
46,CE203,Điều khiển tự động nâng cao,Advanced automatic control,Đang mở,KTMT,CĐTN,,CE317,,,3,0
47,CE204,Thiết kế và lập trình Web,Web design and programming,Đang mở,KTMT,CN,CE305,,,,3,0
48,CE205,Xử lý tín hiệu số,Digital signal processing,Đang mở,KTMT,CN,,,,,3,1
49,CE206,Đồ án 2,Project 2,Đang mở,KTMT,ĐA,,CE116,,PH002CE103CE121,0,2
50,CE207,Đồ án thiết kế vi mạch 1,Project on Integrated Circuit Design 1,Đang mở,KTMT,CN,,,,CE226CE436CE433,0,2
51,CE208,Đồ án thiết kế vi mạch 2,Project on Integrated Circuit Design 2,Đang mở,KTMT,CN,,,,CE207,0,2
52,CE211,Lập trình nhúng căn bản,Introduction to embedded-system programming,Đang mở,KTMT,CN,,CE232,,CE107,3,1
53,CE212,Điều khiển tự động,Automatic Control,Đang mở,KTMT,CN,CE113,,,MA003MA006,3,1
54,CE213,Thiết kế hệ thống số với HDL,Digital System Design with HDL,Đang mở,KTMT,CSN,,,,PH002CE118,3,1
55,CE219,Tương tác người - máy,Human-computer interaction,Đang mở,KTMT,CN,,CE405,,,3,0
56,CE221,Thiết kế vi mạch với HDL,Digital circuit design with HDL,Đang mở,KTMT,CN,,CE213,,PH002CE118,3,1
57,CE222,Thiết kế vi mạch số,Digital Integrated Circuit Design,Đang mở,KTMT,CN,,CE302,,CE118,3,1
58,CE224,Thiết kế hệ thống nhúng,Embedded Systems Design,Đang mở,KTMT,CN,,,,CE103,3,1
59,CE226,Thiết kế VLSI,VLSI Design,Đang mở,KTMT,CN,,,,,3,1
60,CE232,Thiết kế hệ thống nhúng không dây,Wireless Embedded Systems Design,Đang mở,KTMT,CN,,,,CE224,3,1
61,CE233,Kỹ thuật Robot,Robot Principles and Design,Đang mở,KTMT,CN,,,,MA003,3,1
62,CE301,Hệ thống chứng thực số,Digital identification systems,Đang mở,KTMT,CN,,,,,3,0
63,CE302,Thiết kế vi mạch,Circuits design,Đang mở,KTMT,CN,,CE222,,,2,1
64,CE303,Robot công nghiệp,Industrial robotics,Đang mở,KTMT,CN,,,,MA001MA002CE101CE212CE107,3,0
65,CE3031,Công nghệ cảm biến,Sensor Technologies,Đang mở,KTMT,CN,,,,MA006MA003CE121,3,1
66,CE304,Robot công nghiệp,Industrial Robotics,Đang mở,KTMT,CNTC,,,,CE121CE224MA001MA002,3,1
67,CE306,Thị giác máy tính,Computer vision,Đang mở,KTMT,CN,,,,,3,0
68,CE312,Hệ thống thời gian thực,Real-time systems,Đang mở,KTMT,CN,,,,IT006IT007CE103CE211,3,0
69,CE313,Xử lý song song và hệ thống phân tán,Parallel Processing and Distributed Systems,Đang mở,KTMT,CN,CE311,,,IT001IT006,3,0
70,CE314,Trình biên dịch,Principles of compiler design,Đang mở,KTMT,CN,,,,CE103MA004,3,0
71,CE315,Lập trình hệ thống với Java,System Programming with Java,Đang mở,KTMT,CN,CE110,,,,2,1
72,CE316,Logic mờ và ứng dụng,Fuzzy logic and applications,Đang mở,KTMT,CN,,CS405,,MA004,3,0
73,CE317,Điều khiển tự động nâng cao,Advanced Automatic Control,Đang mở,KTMT,CN,CE203,,,MA001MA002MA003MA004CE101CE104CE212,3,0
74,CE318,Trình biên dịch,Compiler,Đang mở,KTMT,CNTC,,CE314,,IT006IT007,3,1
75,CE319,Logic mờ và ứng dụng,Fuzzy Logic and Its Applications,Đang mở,KTMT,CNTC,,,,MA004,3,1
76,CE320,Logic mờ cho ứng dụng hệ thống nhúng,Fuzzy Logic for Embedded Systems Applications,Đang mở,KTMT,CN,,,,MA004,3,1
77,CE321,Kỹ thuật chế tạo vi mạch,Integrated circuit fabrication,Đang mở,KTMT,CN,CE404,,,CE222,3,0
78,CE322,Thiết kế vi mạch hỗn hợp,Mixed-signal integrated circuit design,Đang mở,KTMT,CN,,,,CE222,2,1
79,CE323,Kỹ thuật thiết kế mạch in,Printed Circuit Board Design,Đang mở,KTMT,CN,,,,CE101CE104CE103,2,1
80,CE324,Thiết kế vi mạch tương tự,Analog integrated circuit design,Đang mở,KTMT,CN,,,,CE104CE221,2,1
81,CE325,Thiết kế dựa trên vi xử lý,Microprocessor-based system design,Đang mở,KTMT,CN,,CE335,,IT001IT006IT003,2,1
82,CE326,Tự động hóa thiết kế vi mạch,Circuit-design automation,Đang mở,KTMT,CN,,,,CE221,2,1
83,CE327,Tối ưu hóa dựa trên FPGA,FPGA-based optimization,Đang mở,KTMT,CN,,CE337,,CE118IT006CE221,3,0
84,CE331,Kỹ thuật chế tạo vi mạch,Integrated Circuit Fabrication,Đang mở,KTMT,CNTC,,CE321,,CE222,3,1
85,CE332,Thiết kế vi mạch hỗn hợp,Mixed-Signal Integrated Circuit Design,Đang mở,KTMT,CNTC,,CE322,,CE222,3,1
86,CE333,Tiếng Anh chuyên ngành Kỹ thuật máy tính,Technical English for Computer Engineering,Đang mở,KTMT,CN,,,,ENG03IT007,4,0
87,CE334,Thiết kế vi mạch tương tự,Analog Integrated Circuit Design,Đang mở,KTMT,CNTC,,CE324,,CE124CE213,3,1
88,CE335,Thiết kế dựa trên vi xử lý,Microprocessor-Based Design,Đang mở,KTMT,CNTC,,CE325,,IT006IT003IT001,3,1
89,CE336,Tự động hóa thiết kế vi mạch,Electronic Design Automation,Đang mở,KTMT,CNTC,,CE326,,CE118CE213,3,1
90,CE337,Tối ưu hóa dựa trên FPGA,FPGA-based Optimization,Đang mở,KTMT,CNTC,,CE327,,IT006CE118CE213,3,1
91,CE338,Hệ thống thời gian thực,Real-Time Systems,Đang mở,KTMT,CNTC,,,,IT006IT007,3,1
92,CE339,Công nghệ IoT và ứng dụng,IoT Technology and Applications,Đang mở,KTMT,CN,,,,CE103CE224,3,1
93,CE340,Trí tuệ nhân tạo cho hệ thống nhúng,Artificial Intelligence for Embedded Systems,Đang mở,KTMT,CN,,,,,3,1
94,CE341,Lập trình nhúng trên thiết bị di động,Embedded Programming on Mobile Devices,Đang mở,KTMT,CN,,,,,3,1
95,CE342,Hệ thống thông minh,Smart Systems,Đang mở,KTMT,CN,,,,CE224,3,1
96,CE343,Trí tuệ nhân tạo cho xe tự hành,Artificial Intelligence for Autonomous Vehicles,Đang mở,KTMT,CN,,,,,3,1
97,CE344,Trí tuệ nhân tạo cho IoT,Artificial Intelligence for IoT,Đang mở,KTMT,CN,,,,,3,1
98,CE345,Kiến trúc IoT: giao thức mạng và bảo mật,IoT Architecture: Network Protocols and Security,Đang mở,KTMT,CN,,,,,3,1
99,CE346,Thiết kế Ăng-ten tích hợp cho thiết bị IoT,Antenna Design for IoT Devices,Đang mở,KTMT,CN,,,,,3,1
100,CE347,Điều khiển thông minh cho robot,Intelligent Control in Robotics,Đang mở,KTMT,CN,,,,MA003,3,1
101,CE348,Công nghệ cảm biến trong IoT,Sensor Technologies for IoT,Đang mở,KTMT,CN,,,,,3,1
102,CE349,Hệ thống nhúng trên SoC,Embedded Systems Design on SoC,Đang mở,KTMT,CN,,,,CE103,3,1
103,CE350,Xử lý ảnh hướng ASIC,Image Processing with ASIC,Đang mở,KTMT,CN,,,,CE436,3,1
104,CE351,Thiết kế bộ tăng tốc phần cứng,Hardware Accelerator Design,Đang mở,KTMT,CN,,,,CE433,3,1
105,CE352,Xử lý tín hiệu số trên FPGA,Digital Signal Processing on FPGA,Đang mở,KTMT,CN,,,,CE213CE436,3,1
106,CE353,Thiết kế vật lý vi mạch,Physical Design,Đang mở,KTMT,CN,,,,CE226,3,1
107,CE401,Kỹ thuật hệ thống máy tính,Computer system engineering,Đang mở,KTMT,CĐTN,,,,IT006IT007,3,0
108,CE402,Các hệ điều hành nhúng,Embedded operating systems,Đang mở,KTMT,CĐTN,,,,IT007IT006CE107,3,1
109,CE403,Thiết kế số,Digital design,Đang mở,KTMT,CĐTN,,,,PH002IT006CE221,3,1
110,CE404,Kỹ thuật chế tạo vi mạch,Integrated Circuit Fabrication,Đang mở,KTMT,CĐTN,,CE321,,,3,0
111,CE405,Tương tác người-máy,Human-Computer Interaction,Đang mở,KTMT,CĐTN,CE219,,,,3,0
112,CE406,Tương tác người-máy,Human-Computer Interaction,Đang mở,KTMT,CNTC,,,,CE103,3,1
113,CE407,Đồ án chuyên ngành hệ thống nhúng và robot,Major Project on Embedded Systems and Robot Design,Đang mở,KTMT,CĐTN,,CE412,,IT006,0,2
114,CE408,Đồ án chuyên ngành thiết kế vi mạch và phần cứng,Major Project on Integrated Circuit and Computer Hardware Design,Đang mở,KTMT,CĐTN,,,,CE201CE206CE213,0,2
115,CE409,Kỹ thuật thiết kế kiểm tra,Design Verification,Đang mở,KTMT,CN,,,,CE118CE213,3,1
116,CE410,Kỹ thuật hệ thống máy tính,Computer System Engineering,Đang mở,KTMT,CĐTN,,,,CE118CE224,3,1
117,CE411,Chuyên đề hệ thống nhúng và robot,Special Topics on Embedded Systems and Robotics,Đang mở,KTMT,CĐTN,,,,CE107,3,1
118,CE412,Đồ án chuyên ngành hệ thống nhúng và IoT,Major Project on Embedded System and IoT Design,Đang mở,KTMT,CN,,,,CE224,0,2
119,CE413,Đồ án chuyên ngành Robotics và AI,Major Project on Robotics and AI,Đang mở,KTMT,CN,,,,CE103CE224,0,2
120,CE421,Chuyên đề thiết kế vi mạch và phần cứng,Special Topics on Integrated Circuit and Computer Hardware Designs,Đang mở,KTMT,CĐTN,,,,CE118CE221CE222,3,1
121,CE430,Lập trình hệ thống,System programming,Đang mở,KTMT,CNTC,,,,,3,1
122,CE432,Thiết kế vi mạch hướng ASIC,ASIC Design,Đang mở,KTMT,CNTC,,,,CE118CE213,3,1
123,CE433,Thiết kế hệ thống SoC,SoC Design,Đang mở,KTMT,CNTC,,,,CE118IT006,3,1
124,CE434,Chuyên đề thiết kế hệ vi mạch 1,Special Topics on Integrated Circuit Design 1,Đang mở,KTMT,CNTC,,,,CE213,3,1
125,CE435,Chuyên đề thiết kế hệ vi mạch 2,Special Topics on Integrated Circuit Design 2,Đang mở,KTMT,CNTC,,,,CE213,3,1
126,CE436,Xử lý tín hiệu số và ứng dụng,Digital Signal Processing and Applications,Đang mở,KTMT,CNTC,,,,MA003MA006,3,1
127,CE437,Chuyên đề thiết kế hệ thống nhúng 1,Special Topics on Embedded Systems 1,Đang mở,KTMT,CNTC,,,,CE103,3,1
128,CE438,Chuyên đề thiết kế hệ thống nhúng 2,Special Topics on Embedded Systems 2,Đang mở,KTMT,CNTC,,,,CE103,3,1
129,CE439,Lập trình song song và hệ thống phân tán,Parallel Programming and Distributed Systems,Đang mở,KTMT,CNTC,,,,IT001IT006,3,1
130,CE440,Hệ thống định vị với ứng dụng Artificial Intelligence,Indoor and Outdoor Localization Systems with Artificial Intelligence Applications,Đang mở,KTMT,CN,,,,,3,1
131,CE441,Chuyên đề thiết kế Robotics và Artificial Intelligence 1,Special Topics on Robotics and Artificial Intelligence 1,Đang mở,KTMT,CN,,,,CE103CE224,3,1
132,CE442,Chuyên đề thiết kế Robotics và Artificial Intelligence 2,Special Topics on Robotics and Artificial Intelligence 2,Đang mở,KTMT,CN,,,,CE103CE224,3,1
133,CE501,Thực tập doanh nghiệp,Internship,Đang mở,KTMT,TTTN,,,,,0,3
134,CE502,Thực tập doanh nghiệp,Internship,Đang mở,KTMT,TTTN,,CE501,,,2,0
135,CE505,Khóa luận tốt nghiệp,Thesis,Đang mở,KTMT,KLTN,,,,CE206,10,0
136,CE506,Luận văn chuyên sâu đặc thù,Thesis,Đang mở,KTMT,CN,,,,,0,14
137,CE507,Đồ án tốt nghiệp tại doanh nghiệp,Industry Capstone Project,Đang mở,KTMT,TN,,,,,10,0
138,CE508,Đồ án tốt nghiệp,Capstone Project,Đang mở,KTMT,TN,,,,,0,6
139,CE510,Chuyên đề tốt nghiệp định hướng hệ thống nhúng và IoT,Special Project on Embedded Systems and IoT,Đang mở,KTMT,CĐTN,,,,,3,1
140,CE511,Chuyên đề tốt nghiệp định hướng Robotic và trí tuệ nhân tạo,Special Project on Robotics and Artificial Intelligence,Đang mở,KTMT,CĐTN,,,,,3,1
141,CE512,Chuyên đề tốt nghiệp định hướng thiết kế vi mạch,Special Project on  Integrated Circuit Design,Đang mở,KTMT,TN,,,,,3,1
142,CM101,Quản lý giao tiếp,Communication management,Đang mở,HTTT,ĐC,,,,,3,0
143,CNBU001,Mạng máy tính,Networking,Đang mở,MMT&TT,CN,,CSBU105,,,3,1
144,CNBU002,Bảo mật,Security,Đang mở,MMT&TT,CN,,,,,3,1
145,CNBU003,Dự án nghiên cứu,Computing Research Project,Đang mở,MMT&TT,CN,,CSBU009,,,4,4
146,CNBU004,Thiết kế và phát triển website,Website Design and Development,Đang mở,MMT&TT,CN,,CSBU103,,,3,1
147,CNBU005,Internet of Things,Internet of Things,Đang mở,MMT&TT,CN,,,,,3,1
148,CNBU006,An toàn mạng máy tính,Network Security,Đang mở,MMT&TT,CN,,,,,3,1
149,CNBU007,Pháp chứng kỹ thuật số,Forensics,Đang mở,MMT&TT,CN,,,,,3,1
150,CNBU008,Quản lý an toàn thông tin,Information Security Management,Đang mở,MMT&TT,CN,,,,,3,1
151,CNBU009,Thực tập,Internship,Đang mở,MMT&TT,TTTN,,,,,0,0
152,CNBU101,Toán cho tin học,Maths for Computing,Đang mở,MMT&TT,CN,,,,,40,25
153,CNBU102,Công nghệ mạng máy tính,Networking Technologies,Đang mở,MMT&TT,CN,,,,,40,25
154,CNBU103,Lập trình cho kỹ sư mạng máy tính,Programming for Network Engineers,Đang mở,MMT&TT,CN,,,,,40,25
155,CNBU104,Hệ thống Servers,Server Systems,Đang mở,MMT&TT,CN,,,,,40,25
156,CNBU105,Hệ thống mạng doanh nghiệp,Enterprise Network Systems,Đang mở,MMT&TT,CN,,,,,40,25
157,CNBU106,Hoạt động an ninh mạng,Cyber Security Operations,Đang mở,MMT&TT,CN,,,,,40,25
158,CNBU107,Dự án chuyên ngành,Enterprise Practice Project,Đang mở,MMT&TT,CN,,,,,40,25
159,CNBU108,Hệ điều hành,Applied Operating Systems,Đang mở,MMT&TT,CN,,,,,44,25
160,CNBU201,Công nghệ mạng không dây,Wireless Networking Technologies,Đang mở,MMT,CN,,,,,40,25
161,CNBU202,Hệ thống tường lửa nâng cao,Advanced Firewall Systems,Đang mở,MMT,CN,,,,,40,25
162,CNBU203,An toàn mạng máy tính,Network Security,Đang mở,MMT,CN,,,,,40,25
163,CNBU204,Ethical Hacking,Ethical Hacking,Đang mở,MMT,CN,,,,,40,25
164,CNBU205,Dự án cá nhân,Individual Honours Project,Đang mở,MMT,CN,,CSBU205,,,40,25
165,CNET1,Mạng máy tính,Computer networks,Đang mở,MMT&TT,ĐC,,IT005,,,3,1
166,CS003,Máy học nâng cao,Advanced machine learning,Đang mở,KHMT,CN,,CS315,,,3,0
167,CS004,Máy học trong xử lý ngôn ngữ tự nhiên,Machine learning in NLP,Đang mở,KHMT,CN,,,,,3,0
168,CS005,Giới thiệu ngành Khoa học Máy tính,Introduction to Computer Science,Đang mở,KHMT,ĐC,,IE005IS005SE005CE005NT005NT015EC005DS005AI001,,,1,0
169,CS013,Máy học nâng cao,Advanced machine learning,Đang mở,KHMT,CN,,CS315,,,3,1
170,CS014,Máy học trong xử lý ngôn ngữ tự nhiên,Machine learning in NLP,Đang mở,KHMT,CN,,CS324,,,3,1
171,CS019,Chuyên đề ứng dụng Trí tuệ nhân tạo,Applied artificial intelligence,Đang mở,KHMT,CN,,,,,4,0
172,CS101,Nguyên lý và phương pháp lập trình,Principles and Techniques of Programming,Đang mở,KHMT,CN,,CS111,,,3,0
173,CS102,Phân tích & thiết kế thuật toán,Design and analysis of algorithms,Đang mở,KHMT,CN,,CS112,,,3,0
174,CS103,Cơ sở lập trình,Introduction to programming,Đang mở,KHMT,CN,,CS111CS511SE330,,,4,0
175,CS104,Nhập môn công nghệ phần mềm,Software engineering,Đang mở,KHMT,CN,,SE104,,,3,0
176,CS105,Đồ họa máy tính,Computer Graphics,Đang mở,KHMT,CSN,,CS113,,,3,1
177,CS106,Trí tuệ nhân tạo,Artificial Intelligence,Đang mở,KHMT,CSN,,,,IT003,3,1
178,CS107,Các hệ cơ sở tri thức,Knowledge-Based Systems,Đang mở,KHMT,CN,,CS217,,,4,0
179,CS108,Lý thuyết thông tin,Information theory,Đang mở,KHMT,CN,,NT104,,,3,0
180,CS109,Máy học,Machine learning,Đang mở,KHMT,CN,,CS110,,,4,0
181,CS110,Nhập môn công nghệ tri thức và máy học,Introduction to Knowledge Engineering and Machine Learning,Đang mở,KHMT,CSN,,CS114,,,3,1
182,CS111,Nguyên lý và phương pháp lập trình,Principles and Techniques of Programming,Đang mở,KHMT,CSN,CS101,,,IT003,3,1
183,CS1113,Khoa học máy tính 1,Computer Science 1,Đang mở,HTTT,ĐC,CSC11,CS2134,,,3,1
184,CS112,Phân tích và thiết kế thuật toán,Design and Analysis of Algorithms,Đang mở,KHMT,CSN,,,,IT001IT003,3,1
185,CS113,Đồ họa máy tính và xử lý ảnh,Computer Graphics and Digital Image Processing,Đang mở,KHMT,CSN,,CS105,,IT001IT003,3,1
186,CS114,Máy học,Machine Learning,Đang mở,KHMT,CN,,DS102,,IT001MA003MA004,3,1
187,CS115,Toán cho khoa học máy tính,Mathematics for Computer Science,Đang mở,KHMT,CN,,,,IT001,4,0
188,CS116,Lập trình Python cho máy học,Python for Machine Learning,Đang mở,KHMT,CN,,,,IT001IT002,3,1
189,CS117,Tư duy tính toán,Computational Thinking,Đang mở,KHMT,CN,,,,,3,1
190,CS210,Xử lý ngôn ngữ tự nhiên nâng cao,Advanced natural language processing,Đang mở,KHMT,CN,,,,,4,0
191,CS211,Trí tuệ nhân tạo nâng cao,Advanced Artificial Intelligence,Đang mở,KHMT,CN,,,,CS106,3,1
192,CS212,Xử lý ngôn ngữ tự nhiên,Natural Language Processing,Đang mở,KHMT,CN,,,,,3,1
193,CS213,Ngôn ngữ học máy tính,Computational linguistics,Đang mở,,CN,,CS226,,,4,0
194,CS2133,Khoa học máy tính 2,Computer Science 2,Đang mở,HTTT,ĐC,CSC12,CS2134,,CS1113,3,1
195,CS2134,Khoa học máy tính,Computer Science,Đang mở,HTTT,ĐC,,,,,3,1
196,CS214,Biểu diễn tri thức và suy luận,Knowledge Representation and Reasoning,Đang mở,KHMT,CN,,,,,3,1
197,CS217,Các hệ cơ sở tri thức,Knowledge-Based Systems,Đang mở,KHMT,CN,CS107,,,IT002IT003,3,1
198,CS221,Xử lý ngôn ngữ tự nhiên,Natural Language Processing,Đang mở,KHMT,CN,,,,IT001MA003MA004,3,1
199,CS222,Xử lý ngôn ngữ tự nhiên nâng cao,Advanced Natural Language Processing,Đang mở,KHMT,CN,,,,CS221,3,1
200,CS223,Máy học nâng cao,Advanced machine learning,Đang mở,KHMT,CN,,CS315,,,3,1
201,CS224,Máy học xử lý ngôn ngữ tự nhiên,Machine learning in NLP,Đang mở,KHMT,CN,,CS324,,,3,1
202,CS225,Lập trình symbolic trong trí tuệ nhân tạo,Symbolic Programming in Artificial Intelligence,Đang mở,KHMT,CN,,CS314,,,4,0
203,CS226,Ngôn ngữ học máy tính,Computational Linguistics,Đang mở,KHMT,CN,CS213,,,,4,0
204,CS227,Khai thác dữ liệu và ứng dụng,Data Mining and Applications,Đang mở,KHMT,CN,,CS313,,,3,1
205,CS228,Máy học và ứng dụng,Machine learning and applications,Đang mở,KHMT,CN,,,,,3,1
206,CS229,Ngữ nghĩa học tính toán,Computational Semantics,Đang mở,KHMT,CN,,,,CS221,3,1
207,CS231,Nhập môn thị giác máy tính,Introduction to Computer Vision,Đang mở,KHMT,CN,,,,,3,1
208,CS232,Tính toán đa phương tiện,Introduction to Multimedia Computing,Đang mở,KHMT,CN,,,,,3,1
209,CS233,Nhận dạng Thị giác,Visual Pattern Recognition,Đang mở,KHMT,CN,,,,,3,1
210,CS2433,Lập trình C/C++,C/C++ Programming,Đang mở,HTTT,CSN,,MSIS2433,,,3,1
211,CS301,Chuyên đề nghiên cứu khoa học,Scientific Research Seminar,Đang mở,KHMT,CN,,,,,4,0
212,CS302,Seminar,Seminar,Đang mở,KHMT,CN,,,,,3,0
213,CS311,Kỹ thuật lập trình trí tuệ nhân tạo,Artificial Intelligence Programming Techniques,Đang mở,KHMT,CN,,,,IT003,3,1
214,CS312,Hệ thống đa tác tử,Multi-Agent Systems,Đang mở,KHMT,CN,,,,CS110,3,1
215,CS313,Khai thác dữ liệu và ứng dụng,Data Mining and Applications,Đang mở,KHMT,CN,,,,IT001IT003,3,1
216,CS314,Lập trình symbolic trong trí tuệ nhân tạo,Symbolic Programming in Artificial Intelligence,Đang mở,KHMT,CN,CS225,,,,3,1
217,CS315,Máy học nâng cao,Advanced Machine Learning,Đang mở,KHMT,CN,CS013,CS223,,CS110,3,1
218,CS316,Các hệ giải bài toán thông minh,Intelligent Problem-Solving Systems,Đang mở,KHMT,CN,CS408,,,,3,1
219,CS317,Phát triển và vận hành hệ thống máy học,Machine Learning Operations,Đang mở,KHMT,CN,,,,CS114,3,1
220,CS321,Ngôn ngữ học ngữ liệu,Corpus Linguistics,Đang mở,KHMT,CN,,,,IT001,3,1
221,CS322,Biểu diễn tri thức và ứng dụng,Knowledge representation and applications,Đang mở,KHMT,CN,,CS214,,CS212,4,0
222,CS323,Các hệ thống hỏi-đáp,Question-Answering Systems,Đang mở,KHMT,CN,,,,CS221,3,1
223,CS324,Máy học trong xử lý ngôn ngữ tự nhiên,Machine Learning for Natural Language Processing,Đang mở,KHMT,CN,CS004,CS224,,CS221,3,1
224,CS325,Dịch máy,Machine Translation,Đang mở,KHMT,CN,CS411,,,CS221,3,1
225,CS326,Các kĩ thuật trong xử lý ngôn ngữ tự nhiên,Advanced Techniques in Natural Language Processing,Đang mở,KHMT,CN,CS407,,,CS221,3,1
226,CS331,Thị giác máy tính nâng cao,Advanced Computer Vision,Đang mở,KHMT,CN,,,,CS231,3,1
227,CS332,Máy học trong thị giác máy tính,Machine Learning in Computer Vision,Đang mở,KHMT,CN,,,,,3,1
228,CS333,Đồ họa game,Computer Graphics in Game,Đang mở,KHMT,CN,,,,,2,1
229,CS334,Lập trình tính toán hình thức,Programming for formal computing,Đang mở,KHMT,CN,,,,,3,1
230,CS335,Tìm kiếm ảnh và video,Image and Video Search,Đang mở,KHMT,CNTC,,,,IT001,3,1
231,CS336,Truy vấn thông tin đa phương tiện,Multimedia Information Retrieval,Đang mở,KHMT,CN,,,,,3,1
232,CS3363,Tổ chức ngôn ngữ lập trình,Organization of Programming Languages,Đang mở,HTTT,ĐC,,MSIS207,,,3,1
233,CS337,Xử lý âm thanh và tiếng nói,Speech and Audio Signal Processing,Đang mở,KHMT,CN,,,,IT003,3,1
234,CS3373,Lập trình hướng đối tượng nâng cao cho môi trường windows,Advanced Object-Oriented Programming for Windows,Đang mở,HTTT,CSN,,IEM5723,,,3,1
235,CS338,Nhận dạng,Pattern Recognition,Đang mở,KHMT,CN,,,,,3,1
236,CS339,Xử lý văn bản y khoa,Natural Language Processing with Health Focus,Đang mở,KHMT,CNTC,,,,,3,1
237,CS3423,Cấu trúc tập tin,File Structures,Đang mở,HTTT,CSN,,CS4153,,,3,1
238,CS3443,Hệ thống máy tính,Computer Systems,Đang mở,HTTT,CSN,,,,,3,0
239,CS351,Chuyên đề NCKH 1,Scientific Research 1,Đang mở,KHMT,CN,,,,,4,0
240,CS3513,Phương pháp số cho máy tính kỹ thuật số,Numerical methods for digital computers,Đang mở,HTTT,CNTC,,,,,3,0
241,CS352,Chuyên đề NCKH 2,Scientific Research 2,Đang mở,KHMT,CN,,,,,4,0
242,CS3613,Cơ sở tính toán,Theoretical Foundations of Computing,Đang mở,HTTT,CNCS,,STAT3013,,,3,1
243,CS3653,Toán rời rạc,Discrete Mathematics,Đang mở,HTTT,ĐC,,,,MATH2154,3,0
244,CS371,Seminar chuyên đề 1,Seminar 1,Đang mở,KHMT,CN,,,,,2,0
245,CS372,Seminar chuyên đề 2,Seminar 2,Đang mở,KHMT,CN,,,,,2,0
246,CS401,Công nghệ Java,Java technology,Đang mở,KHMT,CĐTN,,,,,3,1
247,CS402,Phân tích thiết kế HTTT quản lý,Management-information system analysis and design,Đang mở,KHMT,CN,,,,,3,0
248,CS403,Các dịch vụ web,Web services,Đang mở,KHMT,CN,,,,,3,0
249,CS404,Công nghệ đa tác tử (Muli-Agent),Multi-agent technology,Đang mở,KHMT,CĐTN,,CS312,,,4,0
250,CS405,Logic mờ và ứng dụng,Fuzzy Logic and Applications,Đang mở,KHMT,CĐTN,,,,,3,1
251,CS406,Xử lý ảnh và ứng dụng,Image Processing and Applications,Đang mở,KHMT,CĐTN,,,,,3,1
252,CS407,Các kỹ thuật trong xử lý NNTN,Advanced Techniques in Natural Language Processing,Đang mở,KHMT,CĐTN,,CS326,,,4,0
253,CS408,Các hệ giải toán thông minh,Intelligent Problem-Solving Systems,Đang mở,KHMT,CĐTN,,CS316,,,4,0
254,CS409,Hệ suy diễn mờ,Fuzzy Inference Systems,Đang mở,KHMT,CĐTN,,,,,3,1
255,CS410,Mạng neural và thuật giải di truyền,Neural Networks and Genetic Algorithms,Đang mở,KHMT,CĐTN,,,IT003,,3,1
256,CS411,Dịch máy,Machine Translation,Đang mở,KHMT,CĐTN,,CS325,,,4,0
257,CS412,Web ngữ nghĩa,Semantic Web,Đang mở,KHMT,CĐTN,,,,CS221,3,1
258,CS414,Lý thuyết automat và ứng dụng,Automata Theory and Applications,Đang mở,KHMT,CĐTN,,,,MA004,3,1
259,CS4143,Đồ họa máy tính,Computer Graphics,Đang mở,HTTT,CNTC,,,,,3,0
260,CS415,Mã hóa thông tin,Encoding information,Đang mở,KHMT,CĐTN,,,,,3,1
261,CS4153,Phát triển ứng dụng trên di động,Mobile Application Development,Đang mở,HTTT,CN,,,,CS2133,3,0
262,CS417,Nhận dạng,Pattern recognition,Đang mở,KHMT,CN,,,,,2,1
263,CS418,Trực quan máy tính,Visual computing,Đang mở,KHMT,CĐTN,,,,,3,1
264,CS419,Truy xuất thông tin,Information Retrieval,Đang mở,KHMT,CĐTN,,,,CS115,3,1
265,CS420,Các vấn đề chọn lọc trong thị giác máy tính,Selected Topics in Computer Vision,Đang mở,KHMT,CĐTN,,,,CS231,3,1
266,CS421,Khai thác dữ liệu đa phương tiện,Khai thác dữ liệu đa phương tiện,Đang mở,KHMT,CĐTN,,,,,3,1
267,CS4243,Thuật toán và tiến trình trong an toàn máy tính,Algorithms and Processes in Computer Security,Đang mở,HTTT,CSN,,,,CS4283,3,0
268,CS4273,Nhập môn Công nghệ phần mềm,Introduction to Software Engineering,Đang mở,HTTT,CNCS,,,,,3,1
269,CS4283,Mạng máy tính,Computer Networks,Đang mở,HTTT,ĐC,,,,,3,0
270,CS431,Các kĩ thuật học sâu và ứng dụng,Deep Learning and Applications,Đang mở,KHMT,CĐTN,,,,IT001IT002,2,1
271,CS4323,Hệ điều hành,Operating Systems,Đang mở,HTTT,ĐC,,,,,3,0
272,CS4343,Cấu trúc dữ liệu và giải thuật,Data Structures and Algorithms,Đang mở,HTTT,ĐC,,,,CS2134,3,1
273,CS4344,An ninh mạng,Cyber Security,Đang mở,HTTT,CSN,,,,,3,0
274,CS4793,Trí tuệ nhân tạo,Artificial Intelligence,Đang mở,HTTT,CNCS,,MKTG5883,,,3,1
275,CS4883,Các vấn đề xã hội trong tính toán,Social issues in computing,Đang mở,HTTT,CNTC,,,,,3,0
276,CS5000,Luận văn,Thesis,Đang mở,HTTT,KLTN,,,,,10,0
277,CS501,Khóa luận tốt nghiệp,Thesis,Đang mở,KHMT,KLTN,,,,,10,0
278,CS502,Các công nghệ web và ứng dụng,Web technology and applications,Đang mở,KHMT,CN,,SE341,,,2,0
279,CS503,Môn tốt nghiệp KHMT 2,Computer science,Đang mở,KHMT,CN,,,,IT003,3,0
280,CS5030,Thực tập tốt nghiệp,Internship,Đang mở,HTTT,TTTN,,,,,3,0
281,CS5031,Thực tập doanh nghiệp,Internship,Đang mở,HTTT,TN,,,,,2,0
282,CS504,Công nghệ .NET,.Net technology,Đang mở,KHMT,CN,,SE310,,,3,1
283,CS505,Khoá luận tốt nghiệp,Thesis,Đang mở,KHMT,KLTN,,,,,10,0
284,CS506,Chuyên đề J2EE,J2EE,Đang mở,KHMT,CN,,SE325,,,3,1
285,CS507,Hệ điều hành Linux,Linux operating systems,Đang mở,KHMT,CN,,NT103,,,3,1
286,CS508,Lập trình cơ sở dữ liệu,Database programming,Đang mở,KHMT,CN,,IS203,,,3,1
287,CS510,Lý thuyết thông tin,Information theory,Đang mở,KHMT,CN,,NT104,,,3,0
288,CS511,Ngôn ngữ lập trình C#,C# Programming Language,Đang mở,KHMT,CNTC,CS512,,,IT002IT003IT001,3,1
289,CS513,Ngôn ngữ lập trình Java,Java programming language,Đang mở,KHMT,CN,,SE330,,,3,1
290,CS515,Phân tích thiết kế hệ thống thông tin,Information system analysis and design,Đang mở,KHMT,CN,,,,,3,1
291,CS516,Phân tích thiết kế hướng đối tượng với UML,Object-oriented analysis and design with UML,Đang mở,KHMT,CN,,,,,3,1
292,CS517,Quản lý dự án,Project management,Đang mở,KHMT,CN,,IS208,,,3,0
293,CS518,Xây dựng phần mềm hướng đối tượng,Object-oriented software development,Đang mở,KHMT,CN,,,,,3,1
294,CS519,Phương pháp luận nghiên cứu khoa học,Scientific Research Methodology,Đang mở,KHMT,CNTC,SS005,,,,3,0
295,CS521,Toán rời rạc nâng cao,Advanced Discrete Mathematics,Đang mở,KHMT,CNTC,,,,IT003MA004,4,0
296,CS522,Đại số máy tính,Computer Algebra,Đang mở,KHMT,CĐTN,,,,IT003MA004,3,1
297,CS523,Cấu trúc dữ liệu và giải thuật nâng cao,Advanced Data Structures and Algorithms,Đang mở,KHMT,CNTC,DSAL2,,,IT003IT001,3,1
298,CS524,Một số ứng dụng của xử lý ngôn ngữ tự nhiên,Applied Natural Language Processing,Đang mở,KHMT,CNTC,,,,CS221,3,1
299,CS525,Thị giác máy tính trong tương tác người – máy,Computer Vision in Human-Computer Interaction,Đang mở,KHMT,CN,,,,,3,1
300,CS526,Phát triển ứng dụng đa phương tiện trên thiết bị di động,Multimedia Mobile Applications,Đang mở,KHMT,CNTC,,,,IT002IT003,3,1
301,CS527,Thực tại ảo,Virtual Reality,Đang mở,KHMT,CNTC,,,,,3,1
302,CS528,Trực quan hóa thông tin,Information Visualization,Đang mở,KHMT,CNTC,,,,,3,1
303,CS529,Các vấn đề nghiên cứu và ứng dụng trong khoa học máy tính,Selected Topics for Researching and Application in Computer Science,Đang mở,KHMT,CNTC,,,,,4,0
304,CS530,Đồ án chuyên ngành,Undergraduate Research Project,Đang mở,KHMT,CNTC,,,,,3,0
305,CS531,Đồ họa trong video game,Computer Graphics in Video Games,Đang mở,KHMT,CN,,,,,3,1
306,CS532,Thị giác máy tính trong tương tác người-máy,Computer Vision in Human-Computer Interaction,Đang mở,KHMT,CN,,,,,3,1
307,CS534,Lập trình Javascript và ứng dụng,JavaScript Programming and Applications,Đang mở,KHMT,CNTC,,,,,3,1
308,CS535,Tổng hợp tiếng nói,Speech Synthesis,Đang mở,KHMT,CNTC,,,,CS221CS114,3,1
309,CS5423,Nguyên lý các hệ cơ sở dữ liệu,Principles of Database Systems,Đang mở,HTTT,CSN,,,,,3,1
310,CS5433,Các hệ cơ sở dữ liệu phân tán,Distributed Database Systems,Đang mở,HTTT,CSN,,,,CS5423CS4283MSIS4013,3,0
311,CS551,Thực tập,Internship,Đang mở,KHMT,TTTN,,,,,2,0
312,CS553,Đồ án tốt nghiệp,Capstone Project,Đang mở,KHMT,TN,,,,,6,0
313,CS554,Đồ án tốt nghiệp tại doanh nghiệp,Industry Capstone Project,Đang mở,KHMT,TN,,,,,10,0
314,CSBU001,Lập trình,Programming,Đang mở,KHMT,CN,,CSBU101,,,3,1
315,CSBU002,Mạng máy tính,Networking,Đang mở,KHMT,CN,,,,,3,1
316,CSBU003,Thực hành nghề nghiệp,Professional Practice,Đang mở,KHMT,CN,,,,,4,0
317,CSBU004,Toán cho tin học,Maths for Computing,Đang mở,KHMT,CN,,,,,3,1
318,CSBU005,Bảo mật,Security,Đang mở,KHMT,CN,,,,,3,1
319,CSBU006,Quản lý dự án máy tính thành công,Managing a Successful Computing Project,Đang mở,KHMT,CN,,,,,4,0
320,CSBU007,Thiết kế và phát triển cơ sở dữ liệu,Database Design and Development,Đang mở,KHMT,CN,,,,,3,1
321,CSBU008,Kiến trúc máy tính,Computer Systems Architecture,Đang mở,KHMT,CN,,CSBU102,,,3,1
322,CSBU009,Dự án nghiên cứu,Computing Research Project,Đang mở,KHMT,CN,,,,,4,4
323,CSBU010,Công nghệ kinh doanh thông minh,Business Intelligence,Đang mở,KHMT,CN,,,,,3,1
324,CSBU011,Toán rời rạc,Discrete Maths,Đang mở,KHMT,CN,,CSBU110,,,4,0
325,CSBU012,Cấu trúc dữ liệu và giải thuật,Data Structures and Algorithms,Đang mở,KHMT,CN,,CSBU104,,,3,1
326,CSBU013,Lập trình nâng cao,Advanced Programming,Đang mở,KHMT,CN,,CSBU107,,,3,1
327,CSBU014,Máy học,Machine Learning,Đang mở,KHMT,CN,,,,,3,1
328,CSBU015,Điện toán đám mây,Cloud Computing,Đang mở,KHMT,CN,,,,,3,1
329,CSBU016,Thực tập,Internship,Đang mở,KHMT,TTTN,,,,,0,0
330,CSBU101,Lập trình máy tính,Computer Programming,Đang mở,KHMT,CN,,,,,40,25
331,CSBU102,Hệ thống máy tính,Computer Systems,Đang mở,KHMT,CN,,,,,40,25
332,CSBU103,Phát triển và thiết kế web,Website Design and Development,Đang mở,KHMT,CN,,,,,40,25
333,CSBU104,Cấu trúc dữ liệu và giải thuật,Data Structures and Algorithms,Đang mở,KHMT,CN,,,,,40,25
334,CSBU105,Mạng máy tính căn bản,Network Fundamentals,Đang mở,KHMT,CN,,,,,40,25
335,CSBU106,Đồ án đổi mới sáng tạo,Innovation Project,Đang mở,KHMT,CN,,,,,48,32
336,CSBU107,Lập trình hướng đối tượng,Object-Oriented Programming,Đang mở,KHMT,CN,,,,,40,25
337,CSBU108,Hệ điều hành,Operating Systems,Đang mở,KHMT,CN,,,,,40,25
338,CSBU109,Phát triển ứng dụng web và cơ sở dữ liệu,Database and Web Application Development,Đang mở,KHMT,CN,,,,,40,25
339,CSBU110,Toán rời rạc và lập trình khai báo,Discrete Mathematics and Declarative Programming,Đang mở,KHMT,CN,,,,,40,25
340,CSBU111,An ninh mạng,Cyber Security,Đang mở,KHMT,CN,,,,,40,25
341,CSBU112,Thiết kế phần mềm,Software Design,Đang mở,KHMT,CN,,,,,40,25
342,CSBU201,Thiết kế trải nghiệm người dùng,User Experience Design,Đang mở,KHMT,CN,,,,,40,25
343,CSBU202,Phát triển ứng dụng cho thiết bị di động và thiết bị đeo,Mobile and Wearable Application Development,Đang mở,KHMT,CN,,,,,48,32
344,CSBU203,Điện toán đám mây,Cloud Computing,Đang mở,KHMT,CN,,,,,40,25
345,CSBU204,Trí tuệ nhân tạo và máy học,Artificial Intelligence and Machine Learning,Đang mở,KHMT,CN,,,,,40,25
346,CSBU205,Dự án cá nhân,Individual Honours Project,Đang mở,KHMT,CN,,,,,48,32
347,CSC01,Tin học đại cương,Introduction to informatics,Đang mở,KHMT,CN,,IT001,,,3,1
348,CSC11,Khoa học máy tính I,Computer science I,Đang mở,KHMT,CN,,,,,4,0
349,CSC12,Khoa học máy tính II,Computer science II,Đang mở,KHMT,CN,,,,,4,0
350,CSC21,Tin học đại cương (TE),Introduction to informatics,Đang mở,KHMT,CN,,IT001CSC01,,,5,0
351,CSKI1,Kỹ năng truyền thông làm việc nhóm,Teamwork and communication skills,Đang mở,KHMT,CN,,,,,4,0
352,CU001,Văn hóa doanh nghiệp Nhật,Japanese Corporate Culture,Đang mở,KTTT,CN,,,,,2,0
353,DAI015,Thực hành văn bản Tiếng Việt,Vietnamese Language Practice,Đang mở,PĐTĐH,CN,,,,,2,0
354,DBSS1,Cơ sở dữ liệu,Database,Đang mở,TTNN,ĐC,,IT004,,,3,1
355,DS005,Giới thiệu ngành Khoa học Dữ liệu,Introduction to Data Science,Đang mở,KTTT,ĐC,,CS005IE005IS005SE005CE005NT005NT015EC005AI001,,,1,0
356,DS101,Thống kê và xác suất chuyên sâu,Advanced Statistics and Probability,Đang mở,KTTT,CN,,,MA005,MA006MA003,2,1
357,DS102,Học máy thống kê,Statistical Machine Learning,Đang mở,KTTT,CN,,,,,3,1
358,DS103,Thu thập và tiền xử lý dữ liệu,Getting and Cleaning Data,Đang mở,KTTT,CN,,DS108,,,3,1
359,DS104,Tính toán song song và phân tán,Parallel and Distributed Computing,Đang mở,KTTT,CN,,,,IT004,3,1
360,DS105,Phân tích và trực quan dữ liệu,Data Analytics and Visulization,Đang mở,KTTT,CN,,DS111,,MA005IT001DS103,3,1
361,DS106,Tối ưu hóa và ứng dụng,Optimization and Applications,Đang mở,KTTT,CN,,,,MA003,2,1
362,DS107,Tư duy tính toán cho khoa học dữ liệu,Computational Thinking for Data Science,Đang mở,KTTT,CN,,,,IT002,3,1
363,DS108,Tiền xử lý và xây dựng bộ dữ liệu,Preprocessing and Constructing Datasets,Đang mở,KTTT,CN,,,,IT001IT004,3,1
364,DS111,Phân tích dữ liệu,Data Analysis,Đang mở,KTTT,CSN,,,,IT001MA005,3,1
365,DS200,Phân tích dữ liệu lớn,Big Data Analysis,Đang mở,KTTT,CN,,,,,3,1
366,DS201,Deep Learning trong khoa học dữ liệu,Deep Learning for Data Science,Đang mở,KTTT,CN,,,,DS102,3,1
367,DS202,Đồ án khoa học dữ liệu và ứng dụng 1,Data Science Project and Application 1,Đang mở,KTTT,CN,,,,,0,2
368,DS203,Đồ án khoa học dữ liệu và ứng dụng 2,Data Science Project and Application 2,Đang mở,KTTT,CN,,,,DS202,0,2
369,DS204,Đồ án khoa học dữ liệu và ứng dụng,Data Science Project and Application,Đang mở,KTTT,ĐA,,,,,0,2
370,DS207,Đồ án,Project,Đang mở,KTTT,CN,,,,,0,2
371,DS300,Hệ khuyến nghị,Recommender Systems,Đang mở,KTTT,CN,,,,,3,1
372,DS301,Các giải thuật khai phá dữ liệu lớn,Mining of Massive Datasets,Đang mở,KTTT,CN,,,,IT007,3,1
373,DS302,Phân tích thống kê đa biến,Multivariate Statistical Analysis,Đang mở,KTTT,CN,,,MA005,,2,1
374,DS303,Thống kê Bayes,Bayesian Statistics,Đang mở,KTTT,CN,,,MA005,,2,1
375,DS304,Thiết kế và phân tích thực nghiệm,Design and Analysis of Experiments,Đang mở,KTTT,CN,,,,MA005,3,0
376,DS305,Phân tích dữ liệu chuỗi thời gian và ứng dụng,Applied Time Series Analysis,Đang mở,KTTT,CN,,,MA005,,2,1
377,DS306,Phân tích dữ liệu lớn trong tài chính,Big Data Analytics in Finance,Đang mở,KTTT,CN,,,DS200,,3,0
378,DS307,Phân tích dữ liệu truyền thông xã hội,Social Media Data Analytics,Đang mở,KTTT,CN,,,,IT004,3,0
379,DS308,Mô hình đồ thị xác suất,Probabilistic Graphical Models,Đang mở,KTTT,CN,,,,,3,1
380,DS309,Thực tập doanh nghiệp,Internship,Đang mở,KTTT,TTTN,,,,,2,0
381,DS310,Xử lý ngôn ngữ tự nhiên cho khoa học dữ liệu,Natural Language Processing for Data Science,Đang mở,KTTT,CN,,,,DS102,3,1
382,DS311,Kỹ năng nghiên cứu và viết bài báo khoa học,Scientific Research and Writing Skills,Đang mở,KTTT,CN,,,,,3,0
383,DS312,Xử lý ảnh y khoa,Medical Image Processing,Đang mở,KTTT,CN,,,,,3,0
384,DS313,Xử lý thông tin giọng nói,Speech Information Processing,Đang mở,KTTT,CN,,,,DS102,3,1
385,DS314,Rút trích và truy vấn thông tin,Information Extraction and Retrieval,Đang mở,KTTT,CN,,,,,3,1
386,DS315,Phân tích kho dữ liệu,Data Warehouse Analysis,Đang mở,KTTT,CN,,,,IT004,3,1
387,DS316,Xây dựng ứng dụng thông minh,Intelligent Applications,Đang mở,KTTT,CN,,,,,3,1
388,DS317,Khai phá dữ liệu trong doanh nghiệp,Data Mining for Enterprise,Đang mở,KTTT,CN,,,,IT002IT003,3,1
389,DS318,Đạo đức trong trí tuệ nhân tạo và khoa học dữ liệu,Ethics in Artificial Intelligence and Data Science,Đang mở,KTTT,CN,,,,,3,0
390,DS319,Mô hình ngôn ngữ lớn,Large Language Models,Đang mở,KTTT,CN,,,,IT003IT002DS102,3,1
391,DS320,Học đa thể thức,Multimodal Learning,Đang mở,KTTT,CN,,,,IT002IT003DS102,3,1
392,DS321,Khoa học dữ liệu cho an toàn thông tin,Data Science for Cybersecurity,Đang mở,KTTT,CN,,,,,3,1
393,DS322,Thiết kế hệ thống học máy,Machine Learning Systems Design,Đang mở,KTTT,CN,,,,,3,1
394,DS323,Viết báo cáo kỹ thuật và thuyết trình,Technical Report Writing and Presentation,Đang mở,KTTT,CN,,,,,3,0
395,DS324,Khai thác dữ liệu ảnh số,Digital Image Data Mining,Đang mở,KTTT,CN,,,,MA003IT003,3,1
396,DS325,Thiết kế ứng dụng với dữ liệu chuyên sâu,Designing Data-Intensive Applications,Đang mở,KTTT,CN,,,DS108,,3,1
397,DS326,Khai phá dữ liệu đa phương tiện và ứng dụng,Multimedia Mining and Applications,Đang mở,KTTT,CN,,,,IT003DS102,3,1
398,DS327,Các mô hình nền tảng,Foundation Models,Đang mở,KTTT,CN,,,,IT003IT002DS102,3,1
399,DS400,Chuyên đề tốt nghiệp khoa học dữ liệu,Data Science Graduate Seminars,Đang mở,KTTT,TN,,,,,4,0
400,DS501,Đồ án tốt nghiệp,Capstone Project,Đang mở,KTTT,ĐC,,,,DS400,6,0
401,DS502,Đồ án tốt nghiệp tại doanh nghiệp,Industry Capstone Project,Đang mở,KTTT,TN,,,,,10,0
402,DS505,Khóa luận tốt nghiệp,Thesis,Đang mở,KTTT,KLTN,,,,DS207,10,0
403,DSAL1,Cấu trúc dữ liệu và giải thuật,Data Structures and Algorithms,Đang mở,TTNN,ĐC,,IT003,,,3,1
404,DSAL2,Cấu trúc dữ liệu & giải thuật nâng cao,Advanced data structures and algorithms,Đang mở,KHMT,ĐC,,CS523,,,3,1
405,DTH039,Đô thị học đại cương,Introduction to Urban Studies,Đang mở,PĐTĐH,CN,,,,,3,0
406,EC001,Kinh tế học đại cương,Principles of Economics,Đang mở,HTTT,CSN,,,,,4,0
407,EC002,Quản trị doanh nghiệp,Business Management,Đang mở,HTTT,CNTC,,,,,3,0
408,EC003,Tiếp thị căn bản,Basic Marketing,Đang mở,HTTT,CN,,EC101,,,3,0
409,EC005,Giới thiệu ngành Thương mại Điện tử,Introduction to E-Commerce,Đang mở,HTTT,ĐC,,CS005IE005IS005SE005CE005NT005NT015DS005AI001,,,1,0
410,EC101,Marketing căn bản,Basic Marketing,Đang mở,HTTT,CN,,,,,3,0
411,EC201,Phân tích thiết kế quy trình nghiệp vụ doanh nghiệp,Business Process Analysis and Design,Đang mở,HTTT,CSN,,,,,3,1
412,EC202,Nhập môn quản trị chuỗi cung ứng,Supply Chain Management,Đang mở,HTTT,CNTC,,EC214,,,3,1
413,EC203,Quản trị quan hệ khách hàng và nhà cung cấp,Customer Relationship Management and Supplier Relationship Management,Đang mở,HTTT,CN,,EC213,,,3,1
414,EC204,Marketing điện tử,E-Marketing,Đang mở,HTTT,CN,,,,,2,1
415,EC208,Quản trị dự án thương mại điện tử,E-Commerce Project Management,Đang mở,HTTT,CN,,,,,3,0
416,EC212,Thực tập doanh nghiệp,Industry Internship Program,Đang mở,HTTT,TTTN,,EC222,,,3,0
417,EC213,Quản trị quan hệ khách hàng và nhà cung cấp,Customer and Supplier Relationship Management,Đang mở,HTTT,CN,,,,,2,1
418,EC214,Nhập môn quản trị chuỗi cung ứng,Introduction to Supply Chain Management,Đang mở,HTTT,CNTC,,,,,3,0
419,EC219,Pháp luật trong thương mại điện tử,Law in E-Commerce,Đang mở,HTTT,CN,,EC229,,,3,0
420,EC222,Thực tập doanh nghiệp,Internship,Đang mở,HTTT,TTTN,,,,,2,0
421,EC229,Pháp luật trong thương mại điện tử,Law in E-Commerce,Đang mở,HTTT,CN,,,,,2,0
422,EC232,Nguyên lý kế toán,Principles of Accounting,Đang mở,HTTT,CNTC,,,,,3,0
423,EC301,Tiếp thị trực tuyến (E-Marketing),E-Marketing,Đang mở,HTTT,CN,,EC311,,,3,1
424,EC302,Thiết kế Hệ thống Thương mại điện tử,E-Commerce System Design,Đang mở,HTTT,CN,,EC312,,,3,1
425,EC304,Tối ưu hóa công cụ tìm kiếm trong thương mại điện tử,Search Engine Optimization in E-Commerce,Đang mở,HTTT,CN,,,,,3,0
426,EC311,Tiếp thị trực tuyến,E-Marketing,Đang mở,HTTT,CN,,EC204,,,2,1
427,EC312,Thiết kế hệ thống thương mại điện tử,E-Commerce Systems Design,Đang mở,HTTT,CN,,,,IS207,2,1
428,EC331,Quản trị chiến lược kinh doanh điện tử,E-Business Strategic Management,Đang mở,HTTT,CNTC,,,,,3,0
429,EC332,Quản trị sản xuất,Production and Manufacturing Management,Đang mở,HTTT,CNTC,,,,,3,0
430,EC333,Quản trị tài chính doanh nghiệp,Financial Management,Đang mở,HTTT,CNTC,,,,,3,0
431,EC334,Quản trị kênh phân phối,Distribution Channel Management,Đang mở,HTTT,CNTC,,,,,3,0
432,EC335,An toàn và bảo mật thương mại điện tử,Safety and Security in E-Commerce,Đang mở,HTTT,CN,,,,IT005IS207,3,0
433,EC336,Quản trị nhân lực,Human Resources,Đang mở,HTTT,CNTC,,,,,3,0
434,EC337,Hệ thống thanh toán trực tuyến,E-Payment Systems,Đang mở,HTTT,CN,,,,,3,0
435,EC338,Quản trị bán hàng,Sales Management,Đang mở,HTTT,CNTC,,,,,3,0
436,EC401,Khóa luận tốt nghiệp,Thesis,Đang mở,HTTT,KLTN,,,,,10,0
437,EC402,Phát triển ứng dụng thương mại di động,Mobile Commerce Application Development,Đang mở,HTTT,CN,,,,,3,1
438,EC403,Thương mại xã hội,Social Commerce,Đang mở,HTTT,CN,,,,,3,0
439,EC404,Đồ án tốt nghiệp,Capstone Project,Đang mở,HTTT,TN,,,,,6,0
440,EC405,Đồ án tốt nghiệp tại doanh nghiệp,Industry Capstone Project,Đang mở,HTTT,TN,,,,,10,0
441,ECE02,Mạch số,Digital circuit,Đang mở,BMTL,ĐC,,,,,3,1
442,ECON3313,Kinh tế tiền tệ,Monetary economics,Đang mở,HTTT,CNTC,,,,,3,0
443,EN001,Anh văn 1,English 1,Đang mở,BMAV,ĐC,,,ENBT,,4,0
444,EN001.CO,English for Communication 1,English for Communication 1,Đang mở,HTTT,BT,,,,,0,0
445,EN001.GE,General English,General English,Đang mở,HTTT,BT,,,,,0,0
446,EN002,Anh văn 2,English 2,Đang mở,BMAV,ĐC,,EN004ENG01,EN001,,4,0
447,EN002.CO,English for Communication 1,English for Communication 1,Đang mở,HTTT,BT,,,,,0,0
448,EN002.GE,General English,General English,Đang mở,HTTT,BT,,,,,0,0
449,EN003,Anh văn 3,English 3,Đang mở,BMAV,ĐC,,EN006EN005ENG02,EN002,,4,0
450,EN004,Anh văn 1,English 1,Đang mở,BMAV,ĐC,,ENG01,,,4,0
451,EN005,Anh văn 2,English 2,Đang mở,BMAV,ĐC,,ENG02,,,4,0
452,EN006,Anh văn 3,English 3,Đang mở,BMAV,ĐC,,ENG03,,,4,0
453,ENBT,Anh văn Bổ túc,English 0,Đang mở,BMAV,BT,,,,,0,0
454,ENG00,Anh văn 0,English 0,Đang mở,TTNN,ĐC,,,,,0,0
455,ENG01,Anh văn 1,English 1,Đang mở,TTNN,ĐC,,INT001EN004EN002,,,4,0
456,ENG02,Anh văn 2,English 2,Đang mở,TTNN,ĐC,,INT003EN005EN003,ENG01,,4,0
457,ENG03,Anh văn 3,English 3,Đang mở,TTNN,ĐC,,INT004EN006,ENG02,,4,0
458,ENG04,Anh văn 4,English 4,Đang mở,TTNN,ĐC,,INT005,ENG03,,4,0
459,ENG05,Anh văn 5,English 5,Đang mở,TTNN,ĐC,,INT006,ENG04,,4,0
460,ENG06,Kỹ năng thuyết trình tiếng Anh,Effective Presentation,Đang mở,TTNN,CN,,,ENG03,,4,0
461,ENG07,Kỹ năng viết luận,Academic Writing,Đang mở,TTNN,CN,,,ENG03,,4,0
462,ENG11,Tiếng anh tăng cường I,Intensive English I,Đang mở,TTNN,ĐC,,,,,0,0
463,ENG12,Tiếng anh tăng cường II,Intensive English II,Đang mở,TTNN,ĐC,,,,,0,0
464,ENG13,Tiếng Anh I,English Composition I,Đang mở,TTNN,ĐC,,,,,0,0
465,ENG14,Tiếng Anh II,English Composition II,Đang mở,TTNN,ĐC,,,,,0,0
466,ENG15,Tiếng Anh chuyên ngành CNTT,English for computer science,Đang mở,TTNN,ĐC,,,,,0,0
467,ENGA1,Anh văn sơ cấp 1,Anh văn sơ cấp 1,Đang mở,TTNN,BT,,,,,0,0
468,ENGA2,Anh văn sơ cấp 2,Anh văn sơ cấp 2,Đang mở,TTNN,BT,,,,,0,0
469,ENGBT,Anh văn bổ túc,English 0,Đang mở,TTNN,ĐC,,,,,0,0
470,ENGL1113,Tiếng Anh 1,English Composition 1,Đang mở,HTTT,ĐC,,ENG06,,,3,0
471,ENGL1213,Tiếng Anh 2,English Composition 2,Đang mở,HTTT,ĐC,ENG14,ENG07,ENGL1113,,3,0
472,ENLS1,"Nâng cao kỹ năng nghe, nói tiếng Anh 1","Nâng cao kỹ năng nghe, nói tiếng Anh 1",Đang mở,TTNN,ĐC,,,,,0,0
473,ENLS2,"Nâng cao kỹ năng nghe, nói tiếng Anh 2","Nâng cao kỹ năng nghe, nói tiếng Anh 2",Đang mở,TTNN,ĐC,,,,,0,0
474,ENRW1,"Nâng cao kỹ năng đọc, viết tiếng Anh 1","Nâng cao kỹ năng đọc, viết tiếng Anh 1",Đang mở,TTNN,ĐC,,,,,0,0
475,ENRW2,"Nâng cao kỹ năng đọc, viết tiếng Anh 2","Nâng cao kỹ năng đọc, viết tiếng Anh 2",Đang mở,TTNN,ĐC,,,,,0,0
476,GDH075,Tâm lý học giao tiếp,Communication Psychology,Đang mở,PĐTĐH,CN,,,,,1,1
477,HCMT1,Tư tưởng Hồ Chí Minh,Ho Chi Minh's Ideology,Đang mở,PĐTĐH,ĐC,,SS003,,,2,0
478,IE005,Giới thiệu ngành Công nghệ Thông tin,Introduction to Information Technology,Đang mở,KTTT,ĐC,,CS005IS005SE005CE005NT005NT015EC005DS005AI001,,,1,0
479,IE101,Cơ sở hạ tầng công nghệ thông tin,Information Technology Infrastructure,Đang mở,KTTT,CSN,,,,,2,1
480,IE102,Các công nghệ nền,Platform Technologies,Đang mở,KTTT,CSN,,,,,2,1
481,IE103,Quản lý thông tin,Information Management,Đang mở,KTTT,CSN,,,,IT004,3,1
482,IE104,Internet và công nghệ web,Internet and Web Technology,Đang mở,KTTT,CSN,,,,IT001IT005,3,1
483,IE105,Nhập môn bảo đảm và an ninh thông tin,Introduction to Information Assurance and Security,Đang mở,KTTT,CSN,,,,,3,1
484,IE106,Thiết kế giao diện người dùng,User Interface Design,Đang mở,KTTT,CSN,,,,IT001,3,1
485,IE107,Thiết kế giao diện người dùng,Thiết kế giao diện người dùng,Đang mở,KTTT,CSN,,,,,3,1
486,IE108,Phân tích thiết kế phần mềm,Software Analysis and Design,Đang mở,KTTT,CN,,,,,3,1
487,IE201,Xử lý dữ liệu thống kê,Analysis of Statistical Data,Đang mở,KTTT,CN,,,,MA005MA006,3,0
488,IE202,Quản trị doanh nghiệp,Business management,Đang mở,KTTT,CN,,,,,3,0
489,IE203,Hệ thống quản trị qui trình nghiệp vụ,Business Process Management Systems,Đang mở,KTTT,CĐTN,,,,IT001IT004,3,1
490,IE204,Tối ưu hóa công cụ tìm kiếm,Search Engine Optimization,Đang mở,KTTT,CĐTN,,,,IE104,3,1
491,IE205,Xử lý ảnh vệ tinh,Satellite Image Processing,Đang mở,KTTT,CN,,,,IS351,3,0
492,IE206,Đồ án chuẩn bị tốt nghiệp,Preparing for the Graduation Project,Đang mở,KTTT,ĐA,,,,,0,2
493,IE207,Đồ án,Project,Đang mở,KTTT,ĐA,,,,IT001IT004,0,2
494,IE208,Kiến trúc và tích hợp hệ thống,System Integration and Architecture,Đang mở,KTTT,CNTC,,,,,3,0
495,IE209,Công nghệ Java,Java Technology,Đang mở,KTTT,CNTC,,IE303,,IT002,3,1
496,IE210,Hệ thống định vị toàn cầu (GPS),Global Positioning System,Đang mở,KTTT,CNTC,,,,,3,0
497,IE211,Tin học môi trường,Environmental Informatics,Đang mở,KTTT,CNTC,,,,,2,0
498,IE212,Công nghệ dữ liệu lớn,Big Data Technology,Đang mở,KTTT,CN,,,,IT007,3,1
499,IE213,Kỹ thuật phát triển hệ thống web,Web System Development Techniques,Đang mở,KTTT,CN,,,,IE104,3,1
500,IE216,Các chủ đề toán học cho khoa học dữ liệu,Topics in Mathematics of Data Science,Đang mở,KTTT,CNTC,,,,,3,0
501,IE217,Máy học,Máy học,Đang mở,KTTT,CNTC,,DS102,,,3,1
502,IE218,Xử lý dữ liệu lớn,Big Data Processing,Đang mở,KTTT,CNTC,,,,,3,1
503,IE221,Kỹ thuật lập trình Python,Python Programming Techniques,Đang mở,KTTT,CN,,,,IT001,3,1
504,IE222,Phân tích dữ liệu bằng Python,Phân tích dữ liệu bằng Python,Đang mở,KTTT,CN,,,,,3,1
505,IE223,Phân tích dữ liệu bằng Python và R,Data Analysis with Python and R,Đang mở,KTTT,CN,,,,,3,1
506,IE224,Phân tích dữ liệu,Data Analysis,Đang mở,KTTT,CN,,IE313,,,3,1
507,IE225,Mạng kết nối,Interconnection Networks,Đang mở,KTTT,CN,,,,,3,1
508,IE226,Đồ họa và trực quan hóa máy tính,Computer Graphics and Visualization,Đang mở,KTTT,CN,,,,,3,1
509,IE227,Xử lý tín hiệu số cho mạng,Signal Processing over Networks,Đang mở,KTTT,CN,,,,,3,1
510,IE228,Tương tác người-máy Việt Nhật,Human-Computer Interaction,Đang mở,KTTT,CN,,,,,3,1
511,IE229,Trí tuệ nhân tạo Việt Nhật,Artificial Intelligence,Đang mở,KTTT,CN,,,,,3,1
512,IE230,Viết báo cáo kỹ thuật bằng tiếng Nhật,Japanese Technical Writing,Đang mở,KTTT,CN,,,,,0,2
513,IE231,Quản trị doanh nghiệp công nghệ thông tin,Information Technology Enterprise Management,Đang mở,KTTT,CN,,,,,3,0
514,IE232,Nhập môn trí tuệ nhân tạo,Introduction to Artificial Intelligence,Đang mở,KTTT,CN,,,,,3,1
515,IE233,Phân tích và mô hình mạng xã hội,Analysis and Modeling of Social Networks,Đang mở,KTTT,CN,,,,,3,1
516,IE301,Quản trị quan hệ khách hàng,Customer Relationship Management,Đang mở,KTTT,CNTC,,,,,3,0
517,IE302,Kiến trúc và tích hợp hệ thống,System Integration and Architecture,Đang mở,KTTT,CNTC,,,,,3,0
518,IE303,Công nghệ Java,Java Technology,Đang mở,KTTT,CĐTN,,,,IT002,3,1
519,IE304,Hệ thống định vị toàn cầu,Global Positioning System,Đang mở,KTTT,CNTC,,,,IS251,3,0
520,IE305,Tin học môi trường,Environmental Informatics,Đang mở,KTTT,CNTC,,,,IE101IS251,2,0
521,IE307,Công nghệ lập trình đa nền tảng cho ứng dụng di động,Cross-Platform Mobile Development,Đang mở,KTTT,CNTC,,,,,3,1
522,IE309,Thực tập doanh nghiệp,Internship,Đang mở,KTTT,TTTN,,,,,2,0
523,IE310,Tư duy thiết kế,Design Thinking,Đang mở,KTTT,CN,,,,,3,0
524,IE313,Phân tích và trực quan dữ liệu,Data Analysis and Visualization,Đang mở,KTTT,CN,,,,IT001,3,1
525,IE400,Chuyên đề tốt nghiệp,Graduate Seminars,Đang mở,KTTT,TN,,,,,4,0
526,IE401,Tin-Sinh học,Bioinformatics,Đang mở,KTTT,CĐTN,,,,IT003,3,0
527,IE402,Hệ thống thông tin địa lý 3 chiều,Three-Dimensional Geographic Information Systems,Đang mở,KTTT,CĐTN,,,,IT004,3,1
528,IE403,Khai thác dữ liệu truyền thông xã hội,Social Media Mining,Đang mở,KTTT,CĐTN,,,,,3,0
529,IE404,Khai phá truyền thông xã hội,Social Media Mining,Đang mở,KTTT,CĐTN,,,,,3,0
530,IE405,Công nghệ phân tích dữ liệu lớn,Big Data Analysis Technologies,Đang mở,KTTT,CĐTN,,,,,3,1
531,IE406,Nhập môn ẩn thông tin và ứng dụng,Data Hiding Fundamentals and Applications,Đang mở,KTTT,TN,,,,,3,0
532,IE501,Đồ án tốt nghiệp,Capstone Project,Đang mở,KTTT,TN,,,,IE400,6,0
533,IE502,Đồ án tốt nghiệp tại doanh nghiệp,Industry Capstone Project,Đang mở,KTTT,TN,,,,,10,0
534,IE505,Khóa luận tốt nghiệp,Thesis,Đang mở,KTTT,KLTN,,,,,10,0
535,IEM4733,Tái cấu trúc quy trình doanh nghiệp,Re-engineering Business Processes,Đang mở,HTTT,CN,,,,MSIS3303,3,0
536,IEM5723,"Mô hình hóa dữ liệu, quy trình và đối tượng","Data, Process and Object Modeling",Đang mở,HTTT,CSN,,,,,3,0
537,INI01,Thực tập quốc tế,International Internship,Đang mở,PĐTĐH,CN,,,,,2,0
538,INT001,Tiếng Anh tổng quát,General English,Đang mở,HTTT,BT,,ENG01,,,0,0
539,INT002,Toeic 1,TOEIC 1,Đang mở,HTTT,BT,,,,,0,0
540,INT003,Tiếng Anh tổng quát 2,General English 2,Đang mở,HTTT,BT,,ENG02,,,0,0
541,INT004,Toeic 2,TOEIC 2,Đang mở,HTTT,BT,,ENG03,,,0,0
542,INT005,Tiếng Anh giao tiếp,Communication,Đang mở,HTTT,ĐC,,ENG04,,,0,0
543,INT006,Toeic 3,TOEIC 3,Đang mở,HTTT,ĐC,,ENG05,,,0,0
544,IS005,Giới thiệu ngành Hệ thống Thông tin,Introduction to Information Systems Discipline,Đang mở,HTTT,ĐC,,CS005IE005SE005CE005NT005NT015EC005DS005AI001,,,1,0
545,IS101,Thiết kế cơ sở dữ liệu,Database design,Đang mở,HTTT,CN,IS214,IS214,,,3,1
546,IS102,Các hệ cơ sở tri thức,Knowledge-based systems,Đang mở,HTTT,CN,,CS217,,,3,0
547,IS103,Hệ quản trị cơ sở dữ liệu,Database Management Systems,Đang mở,HTTT,CN,,IS210,,,3,1
548,IS104,Cơ sở dữ liệu phân tán,Distributed Databases,Đang mở,HTTT,CN,,IS211,,,3,1
549,IS105,Hệ quản trị cơ sở dữ liệu Oracle,Oracle Database Management System,Đang mở,HTTT,CN,,,,IT004,3,1
550,IS106,Khai thác dữ liệu,Data Mining,Đang mở,HTTT,CN,,,,,3,1
551,IS107,Hệ thống thông tin kế toán,Accounting Information Systems,Đang mở,HTTT,CN,,IS232,,,5,0
552,IS201,Phân tích thiết kế hệ thống,Systems Analysis and Design,Đang mở,HTTT,CSN,,,,IT004IT002,3,1
553,IS202,Nhập môn công nghệ phần mềm,Software engineering,Đang mở,HTTT,CN,,SE104,,,3,1
554,IS203,Lập trình cơ sở dữ liệu,Database programming,Đang mở,HTTT,CN,,,,IT004,3,1
555,IS204,Nhập môn hệ thống thông tin địa lý,Introduction to Geographic Information Systems,Đang mở,HTTT,CN,,IS251,,,3,1
556,IS205,PTTK hướng đối tượng với UML,Object-oriented Analysis and Design with UML,Đang mở,HTTT,CN,,IS215,,,3,1
557,IS206,Lập trình ứng dụng Web với Java,Web application programming in Java,Đang mở,HTTT,CN,,IS216,,IT004,3,1
558,IS207,Phát triển ứng dụng web,Web Application Development,Đang mở,HTTT,CN,,,,IT004,3,1
559,IS208,Quản lý dự án công nghệ thông tin,Information Technology Project Management,Đang mở,HTTT,CSN,,SE340,,,3,1
560,IS210,Hệ quản trị cơ sở dữ liệu,Database Management Systems,Đang mở,HTTT,CSN,,,,IT004,3,1
561,IS211,Cơ sở dữ liệu phân tán,Distributed Databases,Đang mở,HTTT,CN,IS104,IE103,,IT004IT005,3,1
562,IS212,Thực tập tốt nghiệp,Internship,Đang mở,HTTT,TTTN,,,,,3,0
563,IS213,Đồ án xây dựng một hệ thống thông tin,Information system development,Đang mở,HTTT,ĐA,,,,,3,0
564,IS214,Thiết kế cơ sở dữ liệu,Database design,Đang mở,HTTT,CN,,,,,3,1
565,IS215,Thiết kế hướng đối tượng với UML,Object-Oriented Analysis and Design with UML,Đang mở,HTTT,CSN,,,,IT002IT004,3,1
566,IS216,Lập trình Java,Programming with Java,Đang mở,HTTT,CSN,,,,IT004,3,1
567,IS217,Kho dữ liệu và OLAP,Data Warehouse and OLAP,Đang mở,HTTT,CN,IS304,IS304,,IT004,3,0
568,IS218,Kỹ năng tư vấn,Kỹ năng tư vấn,Đang mở,HTTT,CNTC,,,,,2,0
569,IS219,Pháp luật trong Thương mại điện tử,Pháp luật trong Thương mại điện tử,Đang mở,HTTT,CNTC,,,,,3,0
570,IS220,Xây dựng hệ thống thông tin trên các framework,Information Systems Development with Frameworks,Đang mở,HTTT,CN,,,,,3,1
571,IS225,Khai thác dữ liệu và ứng dụng,Data mining and applications,Đang mở,,CN,,,,,4,0
572,IS232,Hệ thống thông tin kế toán,Accounting Information Systems,Đang mở,HTTT,CN,IS107,,,IS336,4,0
573,IS251,Nhập môn hệ thống thông tin địa lý,Introduction to Geographic Information Systems,Đang mở,HTTT,CN,IS204,IS204,,IT004,3,1
574,IS252,Khai thác dữ liệu,Data Mining,Đang mở,HTTT,CN,IS106,,,MA005IT004,3,1
575,IS253,Lập trình ứng dụng trên thiết bị di động,Mobile application programming,Đang mở,HTTT,CN,,NT118,,IT002,2,1
576,IS254,Hệ hỗ trợ quyết định,Decision Support Systems,Đang mở,HTTT,CN,,,,,3,0
577,IS301,Thương mại điện tử,E-commerce,Đang mở,HTTT,CN,,IS334,,,3,0
578,IS302,Phân tích không gian,Spatial analysis,Đang mở,HTTT,CN,,IS351,,,3,1
579,IS303,Hệ cơ sở dữ liệu không gian,Spatial Database Systems,Đang mở,HTTT,CN,,IS352,,,3,1
580,IS3033,Quản lý dự án hệ thống thông tin,IS-Project Management,Đang mở,HTTT,CN,,,,,4,0
581,IS304,Kho dữ liệu và OLAP,Data warehouse and OLAP,Đang mở,HTTT,CN,,IS404IS217,,,3,1
582,IS305,An toàn và bảo mật HTTT,Information systems security & protection,Đang mở,HTTT,CN,,IS335,,,3,0
583,IS306,Hệ thống thông tin quản lý,Accounting information systems,Đang mở,HTTT,CN,,IS332,,,3,0
584,IS311,Đồ án hệ thống thông tin,Information Systems Project,Đang mở,HTTT,ĐA,IS213,IS213,,,3,0
585,IS3303,Phân tích thiết kế hệ thống,System Analysis and Design,Đang mở,HTTT,CN,,,,,4,0
586,IS332,Hệ thống thông tin quản lý,Management Information Systems,Đang mở,HTTT,CN,,,,IS201,3,0
587,IS334,Thương mại điện tử,E-Commerce,Đang mở,HTTT,CN,IS301,,,,3,0
588,IS335,An toàn và bảo mật hệ thống thông tin,Information Systems Security,Đang mở,HTTT,CN,IS305,,,IT005IT004,3,0
589,IS336,Hoạch định nguồn lực doanh nghiệp,Enterprise Resource Planning,Đang mở,HTTT,CSN,,,,,3,1
590,IS337,Cơ sở dữ liệu nâng cao,Advanced databases,Đang mở,HTTT,CN,,,,,3,1
591,IS338,Dự báo kinh doanh,Markets analysis,Đang mở,HTTT,CN,IS306,,,IS336,3,0
592,IS339,Sinh tin học,Bioinformatics,Đang mở,HTTT,CNTC,,,,,3,0
593,IS340,Thị trường chứng khoán,Stock Market,Đang mở,HTTT,CNTC,,,,,3,0
594,IS341,Khởi nghiệp,Entrepreneurship,Đang mở,HTTT,CNTC,,,,,3,0
595,IS342,Chính phủ điện tử,E-Government,Đang mở,HTTT,CNTC,,,,,3,0
596,IS343,Luật CNTT,Luật CNTT,Đang mở,HTTT,CNTC,,,,,3,0
597,IS344,Quản trị nguồn lực y tế,Healthcare Resource Management,Đang mở,HTTT,CN,,,,,2,1
598,IS345,AI trong y tế,AI in Healthcare,Đang mở,HTTT,CN,,,,,3,0
599,IS346,Quản lý dự án công nghệ thông tin y tế,Healthcare Information Technology Project Management,Đang mở,HTTT,CN,,,,,2,1
600,IS347,Thống kê y học,Medical Statistics,Đang mở,HTTT,CN,,,,,3,0
601,IS348,Dịch tễ học,Epidemiology,Đang mở,HTTT,CN,,,,,2,1
602,IS349,Hệ thống y tế,Health Systems,Đang mở,HTTT,CN,,,,IT004,3,0
603,IS351,Phân tích không gian,Spatial Analysis,Đang mở,HTTT,CN,IS302,,,IS251,3,1
604,IS352,Hệ cơ sở dữ liệu không gian,Spatial Database Systems,Đang mở,HTTT,CN,IS303,,,IT004IS251,3,1
605,IS353,Mạng xã hội,Social Networks,Đang mở,HTTT,CĐTN,,,,IT004MA004,3,0
606,IS354,Công nghệ tài chính căn bản Fintech,Introduction to Financial Technology,Đang mở,HTTT,CN,,,,,3,0
607,IS355,Công nghệ Blockchain,Blockchain Technology,Đang mở,HTTT,CN,,,,IT005IT004,3,1
608,IS356,Agile IT với DevOps,Agile IT with DevOps,Đang mở,HTTT,CN,,,,,3,0
609,IS357,Kiến trúc hướng dịch vụ,Service Oriented Architecture,Đang mở,HTTT,CN,,,,,3,0
610,IS358,Kiểm soát nhiễm khuẩn bệnh viện,Hospital Infection Control,Đang mở,HTTT,CN,,,,,3,0
611,IS360,Quản lý chăm sóc và điều trị,Care Management and Treatment,Đang mở,HTTT,CN,,,,,3,0
612,IS361,Quản lý chuỗi cung ứng dược và thiết bị y tế,Supply Management of Drugs and Medical Equipment,Đang mở,HTTT,CN,,,,,3,0
613,IS362,Quản trị tài chính và bảo hiểm y tế,Hospital Financial Management and Health Insurance,Đang mở,HTTT,CN,,,,,3,0
614,IS363,Pháp luật trong lĩnh vực y tế,Law on Health and Medical,Đang mở,HTTT,CN,,,,,2,0
615,IS364,Mã tiêu chuẩn dùng chung trong y tế,Medical Coding,Đang mở,HTTT,CN,,,,,3,0
616,IS401,Khóa luận tốt nghiệp,Thesis,Đang mở,HTTT,KLTN,,,,,10,0
617,IS4013,"Thiết kế, quản lý và quản trị hệ CSDL","DBM design, management & administration",Đang mở,HTTT,CN,,,,,3,0
618,IS402,Điện toán đám mây,Cloud Computing,Đang mở,HTTT,CĐTN,,,,IT005IT007,3,0
619,IS403,Phân tích dữ liệu kinh doanh,Data Analysis in Business,Đang mở,HTTT,CN,,,,MA005IT004,3,0
620,IS404,Kho dữ liệu và OLAP,Data Warehouse and OLAP,Đang mở,HTTT,CĐTN,IS304,IS217,,,3,1
621,IS405,Dữ liệu lớn,Big Data,Đang mở,HTTT,CĐTN,,,,IT004,3,1
622,IS406,Điện toán đám mây và dữ liệu lớn,Cloud Computing and Big Data,Đang mở,HTTT,CN,,,,,3,0
623,IS407,Đồ án tốt nghiệp,Capstone Project,Đang mở,HTTT,CN,,,,,6,0
624,IS4133,Công nghệ thông tin cho thương mại điện tử,Information Technologies for e-commerce,Đang mở,HTTT,CN,,,,,3,0
625,IS4263,Các ứng dụng thông minh và hỗ trợ ra quyết định,Decision Support and Busi.Intelligence Applications,Đang mở,HTTT,CN,,,,,3,0
626,IS4523,Hệ truyền thông dữ liệu,Data Communication Systems,Đang mở,HTTT,CN,,,,,3,0
627,IS501,Thực tập cuối khóa,Internship,Đang mở,HTTT,TTTN,,IS212,,,3,0
628,IS502,Thực tập doanh nghiệp,Internship,Đang mở,HTTT,TTTN,,,,,2,0
629,IS503,Đồ án tốt nghiệp tại doanh nghiệp,Industry Capstone Project,Đang mở,HTTT,CN,,,,,10,0
630,IS505,Khóa luận tốt nghiệp,Thesis,Đang mở,HTTT,KLTN,IS401,IS401,,,10,0
631,IS5100,Thực tập cuối khóa,Internship,Đang mở,HTTT,TT,,,,,4,0
632,IS6301,Phân tích thiết kế hệ thống thông tin nâng cao,Advanced Information Systems Analysis and Design,Đang mở,HTTT,CN,,,,,4,3
633,IT001,Nhập môn lập trình,Introduction to Programming,Đang mở,KHMT,ĐC,,IT011,,,3,1
634,IT002,Lập trình hướng đối tượng,Object-Oriented Programming,Đang mở,CNPM,CSNN,OOPT1,,,IT001,3,1
635,IT003,Cấu trúc dữ liệu và giải thuật,Data Structures and Algorithms,Đang mở,KHMT,CSNN,DSAL1,IT013,,IT001,3,1
636,IT004,Cơ sở dữ liệu,Databases,Đang mở,HTTT,CSNN,,,,,3,1
637,IT005,Nhập môn mạng máy tính,Introduction to Computer Networks,Đang mở,MMT&TT,CSNN,,,,,3,1
638,IT006,Kiến trúc máy tính,Computer Architecture,Đang mở,KTMT,CSNN,,,,PH002IT001,3,0
639,IT007,Hệ điều hành,Operating Systems,Đang mở,KTMT,CSNN,OSYS1,,,IT006,3,1
640,IT008,Lập trình trực quan,Visual Programming,Đang mở,CNPM,CN,,WINP1,,IT001IT002,3,1
641,IT009,Giới thiệu ngành,Introduction to Information Technology Disciplines,Đang mở,PĐTĐH,CSNN,,CS005IE005IS005SE005CE005NT005NT015EC005DS005,,,2,0
642,IT010,Tổ chức và cấu trúc máy tính,Computer Organization and Architecture,Đang mở,KTMT,CSN,,,,,2,0
643,IT011,Nhập môn lập trình thi đấu,Introduction to Competitive Programming,Đang mở,KHMT,ĐC,,IT001,,,3,1
644,IT012,Tổ chức và cấu trúc máy tính 2,Computer Structure and Organization 2,Đang mở,KTMT,CSNN,,,,,3,1
645,IT013,Cấu trúc dữ liệu cho lập trình thi đấu,Data Structures and Algorithms for Competitive Programming,Đang mở,KHMT,ĐC,,IT003,,,3,1
646,ITEM1,Nhập môn Quản trị doanh nghiệp,Initiation to Business Administration,Đang mở,PĐTĐH,ĐC,,SE349,,,2,0
647,ITEW1,Nhập môn công tác kỹ sư,Introduction to Tasks of an Engineer,Đang mở,TTNN,ĐC,,IT009SS004,,,2,0
648,ITNT005,Communication,Communication,Đang mở,HTTT,BT,,,,,0,0
649,JAN01,Tiếng Nhật 1,Japanese 1,Đang mở,PĐTĐH,NN,,,,,2,3
650,JAN02,Tiếng Nhật 2,Japanese 2,Đang mở,PĐTĐH,NN,,,JAN01,,2,3
651,JAN03,Tiếng Nhật 3,Japanese 3,Đang mở,PĐTĐH,NN,,,JAN02,,2,3
652,JAN04,Tiếng Nhật 4,Japanese 4,Đang mở,PĐTĐH,NN,,,JAN03,,2,3
653,JAN05,Tiếng Nhật 5,Japanese 5,Đang mở,PĐTĐH,NN,,,JAN04,,2,3
654,JAN06,Tiếng Nhật 6,Japanese 6,Đang mở,PĐTĐH,NN,,,JAN05,,1,2
655,JAN07,Tiếng Nhật 7,Japanese 7,Đang mở,PĐTĐH,NN,,,JAN06,,1,2
656,JAN08,Tiếng Nhật 8,Japanese 8,Đang mở,PĐTĐH,NN,,,JAN07,,1,2
657,JANHU,Tiếng Nhật miễn phí do Huredee tài trợ,Japanese language (sponsored by Huredee),Đang mở,P.ĐTĐH,ĐC,,,,,40,0
658,LIA01,Đại số tuyến tính,Linear Algebra,Đang mở,BMTL,ĐC,,MA003,,,3,0
659,LIA11,Đại số tuyến tính,Linear Algebra,Đang mở,BMTL,ĐC,,,,,3,0
660,MA001,Giải tích 1,Calculus 1,Đang mở,BMTL,ĐC,,MA006,,,3,0
661,MA002,Giải tích 2,Calculus 2,Đang mở,BMTL,ĐC,,MA006,,MA001,3,0
662,MA003,Đại số tuyến tính,Linear Algebra,Đang mở,BMTL,ĐC,,,,,3,0
663,MA004,Cấu trúc rời rạc,Discrete Structures,Đang mở,BMTL,ĐC,,,,,4,0
664,MA005,Xác suất thống kê,Probability and Statistics,Đang mở,BMTL,ĐC,,,,MA006,3,0
665,MA006,Giải tích,Calculus,Đang mở,BMTL,ĐC,,,,,4,0
666,MAT01,Toán cao cấp A1,Advanced mathematics A1,Đang mở,BMTL,ĐC,,MA001,,,3,0
667,MAT02,Toán cao cấp A2,Advanced mathematics A2,Đang mở,BMTL,ĐC,,MA002,,,4,0
668,MAT04,Cấu trúc rời rạc,Discrete Structures,Đang mở,BMTL,ĐC,,MA004,,,4,0
669,MAT11,Giải tích 1,Calculus 1,Đang mở,BMTL,ĐC,,,,,4,0
670,MAT12,Giải tích 2,Calculus 2,Đang mở,BMTL,ĐC,,,,,3,0
671,MAT14,Toán rời rạc cho máy tính,Discrete mathematics for computer,Đang mở,BMTL,ĐC,,,,,3,0
672,MAT21,Toán cao cấp A1 (TE),Advanced Mathematics A1,Đang mở,BMTL,ĐC,,MA001MAT01,,,4,0
673,MAT22,Toán cao cấp A2 (TE),Advanced Mathematics A2,Đang mở,BMTL,ĐC,,MA002MAT02,,,4,0
674,MAT23,Đại số tuyến tính,Linear Algebra,Đang mở,BMTL,ĐC,,LIA01,,,4,0
675,MAT24,Cấu trúc rời rạc (TE),Discrete structures,Đang mở,BMTL,ĐC,,,,,4,0
676,MATH2144,Giải tích 1,Calculus 1,Đang mở,HTTT,ĐC,,MATH2154,,,4,0
677,MATH2153,Giải tích 2,Calculus 2,Đang mở,HTTT,ĐC,MAT12,MATH2154,,MATH2144,3,0
678,MATH2154,Giải tích,Calculus,Đang mở,HTTT,ĐC,,,,,4,0
679,MATH3013,Đại số tuyến tính,Linear Algebra,Đang mở,HTTT,ĐC,,,,,3,0
680,ME001,Giáo dục quốc phòng,Military Education,Đang mở,P.ĐTĐH,ĐC,MEDU1,,,,0,0
681,MEDU1,Giáo dục quốc phòng,Military Education,Đang mở,GDQP,QP,,ME001,,,0,0
682,MKTG4223,Quản trị chuỗi cung ứng,Supply Chain Management,Đang mở,HTTT,CN,,,,,3,0
683,MKTG5883,Khai phá dữ liệu và ứng dụng,Data Mining and Applications,Đang mở,HTTT,CN,,,,CS5423,3,1
684,MLPE1,Kinh tế chính trị Mác-Lênin (TE),Marxism–Leninism political economy,Đang mở,P.ĐTĐH,ĐC,,MLPE2,,,5,0
685,MLPE2,Kinh tế chính trị Mác-Lênin (TE1),Marxism–Leninism political economy,Đang mở,P.ĐTĐH,ĐC,,,,,4,0
686,MM001,Kỹ năng truyền thông cho người làm công nghệ thông tin,Communication Skills for Information Technology Professionals,Đang mở,PĐTĐH,CN,,,,,2,1
687,MM002,Truyền thông kỹ thuật số,Digital Communication,Đang mở,PĐTĐH,CN,,,,,2,1
688,MM003,Quản trị sự kiện,Event Management,Đang mở,CNPM,CN,,,,,3,1
689,MM004,Nguyên lý thiết kế đồ hoạ,Principles of Graphic Design,Đang mở,CNPM,CN,,,,,0,2
690,MM005,Nhập môn marketing,Introduction to Marketing,Đang mở,CNPM,ĐC,,,,,2,0
691,MM006,Tâm lý học đại cương,Introduction to Psychology,Đang mở,CNPM,ĐC,,,,,2,0
692,MM007,Tư duy sáng tạo và xu hướng thiết kế truyền thông,Creative Thinking and Media Design Trends,Đang mở,CNPM,ĐC,,,,,2,0
693,MM008,Kỹ năng truyền thông ứng dụng,Applied Communication Skills,Đang mở,CNPM,ĐC,,,,,2,0
694,MM101,Giới thiệu ngành Truyền thông đa phương tiện,Introduction to Multimedia,Đang mở,CNPM,CSN,,,,,1,0
695,MM102,Lý luận truyền thông đại chúng,Foundations of Mass Communication,Đang mở,CNPM,CSN,,,,,3,0
696,MM103,Cơ sở tạo hình và nguyên lý thị giác,Basics of Form Creation and Visual Principles,Đang mở,CNPM,CSN,,,,,2,0
697,MM104,Viết nội dung đa phương tiện,Strategic Multimedia Writing,Đang mở,CNPM,CSN,,,,,3,0
698,MM105,Nhập môn kỹ thuật sản xuất nội dung đa phương tiện,Introduction to Multimedia Production,Đang mở,CNPM,CSN,,,,,2,1
699,MM106,Thu thập và phân tích khám phá dữ liệu truyền thông đa phương tiện,Data Collection and Exploratory Analysis for Multimedia,Đang mở,CNPM,CSN,,,,IT001,2,1
700,MM107,Học máy ứng dụng trong truyền thông đa phương tiện,Applied Machine Learning for Multimedia,Đang mở,CNPM,CSN,,,,IT001,2,1
701,MM108,Tiếp thị số,Digital Marketing,Đang mở,CNPM,CSN,,,,,2,1
702,MM109,Thiết kế đồ họa,Graphic Design Principles,Đang mở,CNPM,CSN,,,,,3,1
703,MM110,Màu sắc và tâm lý thị giác trong thiết kế truyền thông,Color and Visual Perception Psychology in Media Design,Đang mở,CNPM,CSN,,,,,2,0
704,MM201,Truyền thông và dư luận xã hội,Media and Public Discourse,Đang mở,CNPM,CN,,,,IT001,3,1
705,MM202,Học sâu ứng dụng trong truyền thông đa phương tiện,Applied Deep Learning for Multimedia,Đang mở,CNPM,CN,,,,,3,1
706,MM203,Xử lý ngôn ngữ tự nhiên cho truyền thông đa phương tiện,Natural Language Processing for Multimedia,Đang mở,CNPM,CN,,,,,3,1
707,MM204,Xử lý ảnh số và video trong truyền thông đa phương tiện,Digital Image and Video Processing for Multimedia,Đang mở,CNPM,CN,,,,,3,1
708,MM205,Phân tích và hiểu nội dung đa phương thức,Multimodal Data Analysis and Understanding,Đang mở,CNPM,CĐTN,,,,,3,1
709,MM206,Dữ liệu lớn ứng dụng trong truyền thông đa phương tiện,Big Data Applied in Multimedia,Đang mở,CNPM,CN,,,,IT007,3,1
710,MM207,Hệ thống khai phá dữ liệu mạng xã hội,Developing Social Network Data Mining Systems,Đang mở,CNPM,CĐTN,,,,,3,1
711,MM208,Thiết kế và sản xuất ấn phẩm,Publication Design and Production,Đang mở,CNPM,CN,,,,,3,1
712,MM209,Nghiệp vụ truyền thông và báo chí,Press Communication Profession,Đang mở,CNPM,CN,,,,MM104,3,1
713,MM210,Kỹ thuật quay phim biên kịch và hậu kỳ,"Video Recording, Screen Writing and Post Processing Techniques",Đang mở,CNPM,CĐTN,,,,,3,1
714,MM211,Thực tế ảo và thực tế tăng cường,Virtual and Augmented Reality,Đang mở,CNPM,CN,,,,,3,1
715,MM212,Hoạt hình,Animation,Đang mở,CNPM,CN,,,,,2,1
716,MM213,Quản lý dự án truyền thông đa phương tiện,Multimedia Project Management,Đang mở,CNPM,CĐTN,,,,,3,1
717,MM214,Chiến lược phát triển thương hiệu,Brand Development Strategy,Đang mở,CNPM,CN,,,,,3,0
718,MM215,Quan hệ công chúng trong marketing,Public Relations for Marketing,Đang mở,CNPM,CN,,,,,3,0
719,MM216,Tối ưu hóa và tiếp thị trên công cụ tìm kiếm,Search Engine Optimization and Marketing,Đang mở,CNPM,CN,,,,,3,1
720,MM217,Tiếp thị cho sản phẩm dịch vụ,Marketing for Service Products,Đang mở,CNPM,CN,,,,,3,0
721,MM218,Xây dựng kênh tiếp thị trực tuyến,Building Online Marketing Channels,Đang mở,CNPM,CN,,,,,3,0
722,MM219,Quản trị mối quan hệ khách hàng định hướng dữ liệu,Data Driven Customer Relationship Management,Đang mở,CNPM,CĐTN,,,,,3,1
723,MM220,Phân tích dữ liệu truyền thông số,Digital Media Data Analytics,Đang mở,CNPM,CĐTN,,,,,3,1
724,MM221,Chuyên đề các vấn đề hiện đại trong truyền thông đa phương tiện,Seminar on Modern Topics in Multimedia,Đang mở,CNPM,CN,,,,,3,0
725,MM222,An ninh thông tin trong truyền thông đa phương tiện,Information Security in Multimedia,Đang mở,CNPM,CN,,,,IT007,3,1
726,MM223,Kể chuyện tương tác,Interactive Storytelling,Đang mở,CNPM,CN,,,,,3,1
727,MM224,Hình họa cơ bản,Basic Drawing and Visual Observation,Đang mở,CNPM,CN,,,,,3,1
728,MM301,Đồ án truyền thông đa phương tiện,Multimedia Projects,Đang mở,CNPM,CN,,,,,0,2
729,MM302,Thực tập,Internship,Đang mở,CNPM,CN,,,,,0,2
730,MM304,Khởi nghiệp ngành Truyền thông đa phương tiện,Startup in Multimedia,Đang mở,CNPM,CN,,,,,2,0
731,MM504,Đồ án tốt nghiệp,Capstone Project,Đang mở,CNPM,DATN,,,,,0,6
732,MM505,Khóa luận tốt nghiệp,Thesis,Đang mở,CNPM,KLTN,,,,,0,10
733,MM506,Đồ án tốt nghiệp tại doanh nghiệp,Industry Capstone Project,Đang mở,CNPM,DATNDN,,,,,0,10
734,MSIS207,Phát triển ứng dụng web,Web Application Development,Đang mở,HTTT,CN,,,,CS5423CS2134,3,1
735,MSIS2433,Lập trình hướng đối tượng,Object-Oriented Programming,Đang mở,HTTT,CSN,,,,CS2134,3,0
736,MSIS3033,Quản lý dự án hệ thống thông tin,Information Systems Project Management,Đang mở,HTTT,CSN,,,,,3,0
737,MSIS3233,Khoa học quản lý,Management Science,Đang mở,HTTT,CN,,,,MATH2154,3,0
738,MSIS3242,Quản lý chất lượng phần mềm,Software Quality Management,Đang mở,HTTT,CN,,,,,3,0
739,MSIS3243,Lý thuyết quyết định quản lý,Managerial Decision Theory,Đang mở,HTTT,CN,,,,MATH2153,3,0
740,MSIS3303,Phân tích thiết kế hệ thống,Systems Analysis and Design,Đang mở,HTTT,CN,IS3303,,,CS5423,3,1
741,MSIS4013,"Thiết kế, quản lý và quản trị hệ cơ sở dữ liệu","Database Systems Design, Management and Administration",Đang mở,HTTT,CN,,,,CS5423,3,0
742,MSIS402,Điện toán đám mây,Cloud Computing,Đang mở,HTTT,CN,,,,,3,0
743,MSIS405,Dữ liệu lớn,Big Data,Đang mở,HTTT,CN,,,,,3,0
744,MSIS406,Dữ liệu lớn trên nền điện toán đám mây,Big Data in Cloud Computing,Đang mở,HTTT,CN,,,,,3,1
745,MSIS4133,Công nghệ thông tin trong thương mại điện tử,Information Technologies for E-Commerce,Đang mở,HTTT,CN,,,,,3,0
746,MSIS4243,Điều khiển và giám sát hệ thống thông tin,Control and Audit of Information Systems,Đang mở,HTTT,CN,,,,,3,0
747,MSIS4263,Các ứng dụng thông minh và hỗ trợ ra quyết định,Decision Support and Intelligent Applications,Đang mở,HTTT,CN,IS4263,,,,3,0
748,MSIS4363,Các chủ đề nâng cao trong phát triển hệ thống,Advanced topics in systems development,Đang mở,HTTT,CNTC,,,,,3,0
749,MSIS4443,Các hệ thống mô phỏng trên máy tính,Computer-based Simulation Systems,Đang mở,HTTT,CN,,,,,3,0
750,MSIS4523,Hệ truyền thông dữ liệu,Data Communication Systems,Đang mở,HTTT,CN,IS4523,ACCT5123,,,3,0
751,MSIS4800,Hệ thống thông tin tính toán,Accounting information system,Đang mở,HTTT,CNTC,,,,,3,0
752,MSIS4801,Quản lý thông tin địa lý,Geospatial information management,Đang mở,HTTT,CNTC,IS4801,,,,3,1
753,MSIS5723,Phân tích thiết kế hệ thống thông tin,Information Systems Analysis and Design,Đang mở,HTTT,CN,,,,IT004,3,1
754,NHJP1,Tiếng Nhật Sơ cấp 1,Japanese for Beginners 1,Đang mở,PĐTĐH,BT,,,,,0,0
755,NHJP2,Tiếng Nhật Sơ cấp 2,Japanese for Beginners 2,Đang mở,PĐTĐH,BT,,,,,0,0
756,NNH050,Ngôn ngữ quảng cáo,The Language of Advertising,Đang mở,PĐTĐH,CN,,,,,2,0
757,NT005,Giới thiệu ngành Mạng máy tính và Truyền thông dữ liệu,Introduction to Computer Networks and Data Communication,Đang mở,MMT&TT,ĐC,,CS005IE005IS005SE005CE005NT015EC005DS005AI001,,,1,0
758,NT015,Giới thiệu ngành An toàn Thông tin,Introduction to Information Security Programs,Đang mở,MMT&TT,ĐC,,CS005IE005IS005SE005CE005NT005EC005DS005AI001,,,1,0
759,NT101,An toàn mạng máy tính,Network Security,Đang mở,MMT&TT,CSN,,NT140,,IT005,3,1
760,NT102,Điện tử cho công nghệ thông tin,Electronics for information technology,Đang mở,MMT&TT,CSN,,PH002,,,3,1
761,NT103,Hệ điều hành Linux,Linux Operating Systems,Đang mở,MMT&TT,CNTC,NT309,NT131,,,3,1
762,NT104,Lý thuyết thông tin,Information Theory,Đang mở,MMT&TT,CSN,,,,IT001,3,0
763,NT105,Truyền dữ liệu,Data Communications,Đang mở,MMT&TT,CSN,,,,IT005,3,1
764,NT106,Lập trình mạng căn bản,Basic Network Programming,Đang mở,MMT&TT,CSN,,,,IT005IT001,2,1
765,NT107,Xử lý tín hiệu trong truyển thông,Signal Processing for Communications,Đang mở,MMT&TT,CN,,NT332,,,3,1
766,NT108,Mạng truyền thông và di động,Communication and mobile networks,Đang mở,MMT&TT,CN,,NT132,,,3,0
767,NT109,Lập trình ứng dụng mạng,Network-Based Application Development,Đang mở,MMT&TT,CSN,,,,IT004NT106,2,1
768,NT110,Tín hiệu và mạch,Signals and circuits,Đang mở,MMT&TT,CN,,PH001,,IT002,3,0
769,NT111,Thiết bị mạng và truyền thông ĐPT,Network appliances and multimedia communications,Đang mở,MMT&TT,CNTC,,,,IT005,3,1
770,NT112,Công nghệ mạng viễn thông,Communications technology,Đang mở,MMT&TT,CN,,NT402,,IT005,2,1
771,NT113,Thiết kế mạng,Network Design,Đang mở,MMT&TT,CSN,,,,NT132,2,1
772,NT114,Đồ án chuyên ngành,Specialized Project,Đang mở,MMT&TT,ĐA,,,,,0,2
773,NT115,Thực tập doanh nghiệp,Internship,Đang mở,MMT&TT,TTTN,,NT215,,,3,0
774,NT116,Kỹ năng mềm,Soft skills,Đang mở,MMT&TT,CN,,SS004,,,0,2
775,NT117,Đồ án môn học lập trình ứng dụng mạng,Network-Based Application Programming Project,Đang mở,MMT&TT,ĐA,NT202,,,,0,2
776,NT118,Phát triển ứng dụng trên thiết bị di động,Mobile Application Development,Đang mở,MMT&TT,CSN,NT305,,,IT002,2,1
777,NT119,Mật mã học,Cryptography,Đang mở,MMT&TT,CSN,,NT219,,MA001MA002,3,1
778,NT121,Thiết bị mạng và truyền thông đa phương tiện,Network Appliances and Multimedia Communications,Đang mở,MMT&TT,CĐTN,,NT111,,,2,1
779,NT130,Cơ chế hoạt động của mã độc,Malware modus operandi,Đang mở,MMT&TT,CSN,,NT230,,IT007NT101,3,1
780,NT131,Hệ thống nhúng mạng không dây,Wireless Embedded Network Systems,Đang mở,MMT&TT,CSN,,,,IT007,3,1
781,NT132,Quản trị mạng và hệ thống,Networks and Systems Administration,Đang mở,MMT&TT,CSN,,,,IT005,3,1
782,NT133,An toàn kiến trúc hệ thống,Systems Architecture Security,Đang mở,MMT&TT,CN,,,,IT006IT007,2,1
783,NT137,Kỹ thuật phân tích mã độc,Malware Analysis Techniques,Đang mở,MMT&TT,CN,,,,,2,1
784,NT140,An toàn mạng,Network Security,Đang mở,MMT&TT,CN,,,,IT005,3,1
785,NT201,Phân tích thiết kế hệ thống truyền thông và mạng,Communication and Network Systems Analysis and Design,Đang mở,MMT&TT,CNTC,,NT532,,,3,0
786,NT202,Đồ án môn Lập trình ứng dụng mạng,Project on Nerwork-Application Programming,Đang mở,MMT&TT,ĐA,,NT117,,,0,2
787,NT203,Đồ án chuyên ngành,Specialized Project,Đang mở,MMT&TT,ĐA,,NT114,,,0,2
788,NT204,"Hệ thống tìm kiếm, phát hiện và ngăn ngừa xâm nhập",Intrusion Detection and Prevention Systems,Đang mở,MMT&TT,CN,NT321,,,,2,1
789,NT205,Tấn công mạng,Network Offences,Đang mở,MMT&TT,CNTC,,,,NT101,2,1
790,NT206,Quản trị hệ thống mạng,Computer network administration,Đang mở,MMT&TT,CN,"NT301,NT006",NT531,,IT005,2,1
791,NT207,Quản lý rủi ro và an toàn thông tin trong doanh nghiệp,Risk Management and Information Security in Enterprise,Đang mở,MMT&TT,CN,,,,NT101,2,1
792,NT208,Lập trình ứng dụng web,Web-Based Application Development,Đang mở,MMT&TT,CNTC,,NT507NT307NT533,,IT002IT004,2,1
793,NT209,Lập trình hệ thống,Computer System Programming,Đang mở,MMT&TT,CSN,,,,IT006IT001,2,1
794,NT210,Thương mại điện tử và triển khai ứng dụng,E-Commerce and Applications,Đang mở,MMT&TT,CĐTN,NT502,,,IT005NT106,2,1
795,NT211,"An ninh nhân sự, định danh và chứng thực","Personnel Security, Identification, and Authentication",Đang mở,MMT&TT,CNTC,,,,,2,1
796,NT212,"An toàn dữ liệu, khôi phục thông tin sau sự cố",Data Integrity and Disaster Recovery,Đang mở,MMT&TT,CNTC,,,,IT003IT006IT007,2,1
797,NT213,Bảo mật web và ứng dụng,Web and Application Security,Đang mở,MMT&TT,CN,,,,NT208,2,1
798,NT215,Thực tập doanh nghiệp,Internship,Đang mở,MMT&TT,TTTN,,,,,2,0
799,NT216,Bảo mật hệ thống dữ liệu,Data System Security,Đang mở,MMT&TT,CNTC,,,,,2,1
800,NT219,Mật mã học,Cryptography,Đang mở,MMT&TT,CN,,NT119,,,2,1
801,NT230,Cơ chế hoạt động của mã độc,Malware: Modes of Operation,Đang mở,MMT&TT,CSN,,NT130,,NT209,2,1
802,NT301,Quản trị hệ thống mạng,Computer network administration,Đang mở,MMT&TT,CN,,NT206NT531,,,2,1
803,NT302,Xây dựng chuẩn chính sách an toàn thông tin trong doanh nghiệp,Enterprise information security policy,Đang mở,MMT&TT,CN,,NT331,,,2,1
804,NT303,Công nghệ thoại IP,VoIP Phone Technology,Đang mở,MMT&TT,CN,,NT536,,NT105,2,1
805,NT304,Ứng dụng truyền thông và an ninh thông tin,Applications of communications and information security,Đang mở,MMT&TT,CN,,,,,2,1
806,NT305,Phát triển ứng dụng trên  thiết bị di động,Mobile Application Development,Đang mở,MMT&TT,CN,,NT118,,,2,1
807,NT306,Kỹ thuật lập trình mạng trên Linux,Network programming techniques on Linux,Đang mở,MMT&TT,CN,,,,,3,0
808,NT307,Xây dựng ứng dụng web,Web application development,Đang mở,MMT&TT,CN,,NT208NT533,,,2,1
809,NT309,Lập trình trên Linux,Programming on Linux,Đang mở,MMT&TT,CN,,,,,2,1
810,NT310,Pháp chứng mạng di động,Digital Forensics,Đang mở,MMT&TT,CNTC,,,,NT101,2,1
811,NT311,Công nghệ tường lửa và bảo vệ mạng ngoại vi,Firewall Technology and Perimeter Protection,Đang mở,MMT&TT,CNTC,,,,NT101,2,1
812,NT312,Bảo mật với smartcard và NFC,Smart Card and NFC Security,Đang mở,MMT&TT,CNTC,,,,NT101,2,1
813,NT320,Công nghệ vệ tinh,Satelite technology,Đang mở,MMT&TT,CN,,,,,3,0
814,NT321,"Hệ thống tìm kiếm, phát hiện và ngăn ngừa xâm nhập",Intrusion Detection and Prevention System,Đang mở,MMT&TT,CN,,NT204,,,2,1
815,NT330,An toàn mạng không dây và di động,Wireless Network and Mobile Security,Đang mở,MMT&TT,CN,,NT108,,NT101,2,1
816,NT331,Xây dựng chuẩn chính sách an toàn thông tin trong doanh nghiệp,Building Enterprise Information Security Policies,Đang mở,MMT&TT,CN,NT302,,,IT005NT101,2,1
817,NT332,Xử lý tín hiệu trong truyền thông,Signal Processing in Communications,Đang mở,MMT&TT,CĐTN,NT107,,,IT005,3,1
818,NT333,Tính toán lưới,Grid Computing,Đang mở,MMT&TT,CNTC,NT403,,,IT005NT106,2,1
819,NT334,Pháp chứng kỹ thuật số,Digital Forensics,Đang mở,MMT&TT,CN,,,,,2,1
820,NT395,Phát triển ứng dụng trên thiết bị di động,Mobile application development,Đang mở,MMT&TT,CN,,,,,2,1
821,NT401,An toàn mạng nâng cao,Advanced network security,Đang mở,MMT&TT,CN,,,,,2,1
822,NT402,Công nghệ mạng viễn thông,Telecommunications Technology,Đang mở,MMT&TT,CN,NT112,NT404,,NT105,2,1
823,NT403,Tính toán lưới,Net Computing,Đang mở,MMT&TT,CN,,NT333,,,2,1
824,NT404,Khóa luận tốt nghiệp,Thesis,Đang mở,MMT&TT,KLTN,,,,,10,0
825,NT405,Bảo mật Internet,Internet Security,Đang mở,MMT&TT,CĐTN,NT503,,,NT101IT005,2,1
826,NT406,Đồ án tốt nghiệp,Graduation Project,Đang mở,MMT&TT,CĐTN,NT504,,,,4,0
827,NT407,Pháp chứng kỹ thuật số,Digital Forensics,Đang mở,MMT&TT,CN,,NT334,,,2,1
828,NT408,Bảo mật trên Internet,Cyber security,Đang mở,MMT&TT,CN,,,,,3,1
829,NT501,Thực tập doanh nghiệp,Internship,Đang mở,MMT&TT,TTTN,,NT115,,,3,0
830,NT502,Thương mại Điện tử và Triển khai ứng dụng,E-commerce and applications,Đang mở,MMT&TT,CĐTN,,NT210,,IT005NT101NT109,2,1
831,NT503,Bảo mật Internet,Cyber security,Đang mở,MMT&TT,CĐTN,,NT405,,IT005NT101,2,1
832,NT504,Tiểu luận tốt nghiệp,Graduation Project,Đang mở,MMT&TT,CĐTN,NT406,NT406,,NT114NT117,4,0
833,NT505,Khóa luận tốt nghiệp,Thesis,Đang mở,MMT&TT,KLTN,,,,,10,0
834,NT506,Đồ án tốt nghiệp tại doanh nghiệp,Industry Capstone Project,Đang mở,MMT,TN,,,,,10,0
835,NT507,Xây dựng ứng dụng web,Web application development,Đang mở,MMT&TT,CĐTN,,NT208,,,2,1
836,NT508,Đồ án tốt nghiệp,Capstone Project,Đang mở,MMT,TN,,,,,6,0
837,NT509,Hệ thống đa tác tử di động thông minh,Intelligent mobile multi-agent systems,Đang mở,MMT&TT,CĐTN,,,,,2,1
838,NT521,Lập trình an toàn và khai thác lỗ hổng phần mềm,Secure Programming and Exploiting Vulnerabilities,Đang mở,MMT&TT,CNTC,,,,IT002NT209,3,1
839,NT522,Phương pháp học máy trong an toàn thông tin,Machine Learning for Information Security,Đang mở,MMT&TT,CNTC,,,,,2,1
840,NT523,An toàn thông tin trong kỷ nguyên máy tính lượng tử,Cybersecurity in the Quantum Era,Đang mở,MMT&TT,CNTC,,,,MA003,2,1
841,NT524,Kiến trúc và bảo mật điện toán đám mây,Cloud Architecture and Security,Đang mở,MMT&TT,CN,,,,IT005,3,1
842,NT531,Đánh giá hiệu năng hệ thống mạng máy tính,Modeling and Performance Evaluation of Network and Computer Systems,Đang mở,MMT&TT,CN,,,,NT132,2,1
843,NT532,Công nghệ Internet of things hiện đại,Advanced Internet of Things Technologies,Đang mở,MMT&TT,CNTC,,,,,2,1
844,NT533,Hệ tính toán phân bố,Distributed Computing Systems,Đang mở,MMT&TT,CN,,,,IT005,2,1
845,NT534,An toàn mạng máy tính nâng cao,Advanced Network Security,Đang mở,MMT&TT,CSN,,,,NT101,2,1
846,NT535,Bảo mật Internet of things,Security and Privacy in Internet of Things,Đang mở,MMT&TT,CNTC,,,,NT101,2,1
847,NT536,Công nghệ truyền thông đa phương tiện,Multimedia Communication Technologies,Đang mở,MMT&TT,CN,,,,,2,1
848,NT537,Truyền thông xã hội và kinh doanh,Social Media and Business Practices,Đang mở,MMT&TT,CN,,,,,3,0
849,NT538,Giải thuật xử lý song song và phân bố,Algorithms in Parallel and Distributed Computing,Đang mở,MMT&TT,CN,,,,IT005,2,1
850,NT539,AI ứng dụng trong mạng và truyền thông,Artificial Intelligence for Networking and Communications,Đang mở,MMT&TT,TN,,,,IT005,3,1
851,NT540,Mạng không dây thế hệ mới,Next-Generation Wireless Networks,Đang mở,MMT&TT,CN,,,,NT105,2,1
852,NT541,Công nghệ mạng khả lập trình,Reprogramming Network Technologies,Đang mở,MMT&TT,CN,,,,,3,1
853,NT542,Lập trình kịch bản tự động hóa cho quản trị và bảo mật mạng,Scripting for Automation in Administration and Security,Đang mở,MMT&TT,CN,,,,NT132,2,1
854,NT543,Tín hiệu và hệ thống thông tin,Signals and Communication Systems,Đang mở,MMT&TT,CN,,,,NT105,2,1
855,NT544,Ăng ten và truyền thông vô tuyến,Antenna and Telecommunications,Đang mở,MMT&TT,CN,,,,NT105,3,1
856,NT545,Thiết kế hệ thống viễn thông,Fundamental Techniques in Telecommunication System Design,Đang mở,MMT&TT,CN,,,,NT402,2,1
857,NT546,Thiết kế và triển khai mạng tốc độ cao,Design and Implementation of High-Speed Networks,Đang mở,MMT&TT,CN,,,,NT113,2,1
858,NT547,"Blockchain: Nền tảng, ứng dụng và bảo mật","Blockchain: Fundamentals, Applications and Security",Đang mở,MMT&TT,CN,,,,,2,1
859,NT548,Công nghệ DevOps và ứng dụng,DevOps Technology and Its Applications,Đang mở,MMT&TT,CĐTN,,,,IT005,3,1
860,NT549,Học máy tăng cường cho các hệ thống mạng,Reinforcement Learning for Networked Systems,Đang mở,MMT&TT,CN,,,,IT005IT002,3,1
861,OOPT1,Lập trình hướng đối tượng,Object-Oriented Programming,Đang mở,CNPM,ĐC,,IT002,,,3,1
862,OOPT2,Lập trình hướng đối tượng,Object-oriented programming,Đang mở,CNPM,CSNN,,,,,4,1
863,OSYS1,Hệ điều hành,Operating Systems,Đang mở,MMT&TT,ĐC,,IT007,,,3,0
864,OSYS2,Hệ điều hành,Operating systems,Đang mở,MMT&TT,ĐC,,IT007,,,3,0
865,PE001,Giáo dục thể chất 1,Physical education 1,Đang mở,PĐTĐH,TC,PEDU1,PE012,,,0,0
866,PE002,Giáo dục thể chất 2,Physical education 2,Đang mở,PĐTĐH,TC,PEDU2,PE012,,,0,0
867,PE003,Giáo dục thể chất 3,Physical education 3,Đang mở,TTNN,TC,,,,,0,0
868,PE012,Giáo dục thể chất,Physical education,Đang mở,PĐTĐH,TC,,PE231PE232,,,0,0
869,PE231,Giáo dục thể chất 1,Physical Education 1,Đang mở,PĐTĐH,TC,,,,,0,0
870,PE232,Giáo dục thể chất 2,Physical Education 2,Đang mở,PĐTĐH,TC,,,,PE231,0,0
871,PEDU1,Giáo dục thể chất 1,Physical Education 1,Đang mở,GDTC,TC,,PE001,,,0,0
872,PEDU2,Giáo dục thể chất 2,Physical Education 2,Đang mở,PĐTĐH,TC,,PE002,,,0,0
873,PH001,Nhập môn điện tử,Introduction to Electrical Engineering,Đang mở,BMTL,ĐC,,,,,3,0
874,PH002,Nhập môn mạch số,Introduction to Digital Circuits,Đang mở,KTMT,ĐC,,CE102NT102,,,3,1
875,PH003,Vật lý kỹ thuật,Technical physics,Đang mở,BMTL,ĐC,,PHY02PH002,,,4,0
876,PHIL1,Những NLCB của chủ nghĩa Mác-Lênin,Fundamental Principles of Marxism-Leninism,Đang mở,BMAV,ĐC,,SS001,,,5,0
877,PHIL2,Triết học Mác-Lênin,Marxist-Leninist philosophy,Đang mở,P.ĐTĐH,ĐC,,,,,5,0
878,PHY01,Vật lý đại cương A1,General physics A1,Đang mở,BMTL,ĐC,,PH001,,,3,0
879,PHY02,Vật lý đại cương A2,General physics A2,Đang mở,BMTL,ĐC,,PH002,,,3,0
880,PHY03,Vật lý đại cương A3,General physics A3,Đang mở,BMTL,ĐC,,,,,2,0
881,PHY11,General Physics 1,General Physics 1,Đang mở,BMTL,ĐC,,,,,4,0
882,PHY12,General Physics 2,General Physics 2,Đang mở,BMTL,ĐC,,,,,4,0
883,PHY22,Vật lý đại cương A2 (TE1),General physics A2,Đang mở,BMTL,ĐC,,,,,4,0
884,PHYS1114,Vật lý đại cương 1,General Physics 1,Đang mở,HTTT,ĐC,,PHYS1215,,,4,0
885,PHYS1214,Vật lý đại cương 2,General Physics 2,Đang mở,HTTT,ĐC,PHY12,PHYS1215,,PHYS1114,4,0
886,PHYS1215,Vật lý đại cương,General Physics,Đang mở,HTTT,ĐC,,,,,3,0
887,QTE111,Văn hóa giao tiếp,Intercultural Communication,Đang mở,PĐTĐH,CN,,,,,2,0
888,SC203,Phương pháp nghiên cứu khoa học,Scientific Research Methodology,Đang mở,HTTT,CNTC,,,,,3,0
889,SE005,Giới thiệu ngành Kỹ thuật Phần mềm,Introduction to Software Engineering,Đang mở,CNPM,ĐC,,CS005IE005IS005CE005NT005NT015EC005DS005AI001,,,1,0
890,SE100,Phương pháp phát triển phần mềm hướng đối tượng,Object-Oriented Software Development Methodology,Đang mở,CNPM,CSN,,,,SE104IT008,3,1
891,SE101,Phương pháp mô hình hóa,Modeling Methods,Đang mở,CNPM,CSN,,,,IT001IT002IT003,3,0
892,SE102,Nhập môn phát triển game,Introduction to Game Development,Đang mở,CNPM,CSN,,,,IT001,2,1
893,SE103,Các phương pháp lập trình,Programming Paradigms,Đang mở,CNPM,CN,,SE334,,,2,1
894,SE104,Nhập môn Công nghệ phần mềm,Introduction to Software Engineering,Đang mở,CNPM,CSN,,,,IT002IT004,3,1
895,SE105,Lập trình nhúng căn bản,Embedded-system Programming,Đang mở,CNPM,CN,,CE211,,,2,1
896,SE106,Đặc tả hình thức,Formal Specification,Đang mở,CNPM,CSN,,,,IT001IT003SE104IT002,4,0
897,SE107,Phân tích thiết kế hệ thống,System analysis and design,Đang mở,CNPM,CN,SE207,IS201,,IT002IT004SE104,3,1
898,SE108,Kiểm chứng phần mềm,Software testing,Đang mở,CNPM,CSN,,SE113,,IT001SE104,2,1
899,SE109,"Phát triển, vận hành, bảo trì phần mềm","Software Development, Deployment and Maintenance",Đang mở,CNPM,CSN,SE209,,,SE104,3,0
900,SE110,Phương pháp Phát triển phần mềm hướng đối tượng,Phương pháp Phát triển phần mềm hướng đối tượng,Đang mở,CNPM,CN,,,,,3,1
901,SE111,Đồ án mã nguồn mở,Open Source Project,Đang mở,CNPM,CSN,SE417,SE121,,IT001IT002IT003IT004SE104,2,0
902,SE112,Đồ án chuyên ngành,Specialized Project,Đang mở,CNPM,CSN,SE418,SE122,,IT002IT003IT004SE104,2,0
903,SE113,Kiểm chứng phần mềm,Software Testing,Đang mở,CNPM,CNTC,,,,SE104,3,1
904,SE114,Nhập môn ứng dụng di động,Mobile Application Overview,Đang mở,CNPM,CSN,,,,IT001IT002,2,1
905,SE115,Phát triển game với Unity,Game Development with Unity,Đang mở,CNPM,CSN,,,,IT001IT002,2,1
906,SE116,Phát triển kỹ năng lập trình game ứng dụng trong thực tế,Skill Development in Game Programming for Real Projects,Đang mở,CNPM,CSN,,,,,3,1
907,SE117,Kỹ thuật lập trình,Programming Techniques,Đang mở,CNPM,CN,,,,IT001,3,1
908,SE121,Đồ án 1,Project 1,Đang mở,CNPM,CSN,,,,SE104,2,0
909,SE122,Đồ án 2,Project 2,Đang mở,CNPM,CSN,,,,SE121,2,0
910,SE207,Phân tích thiết kế hệ thống,System Analysis and Design,Đang mở,CNPM,CN,,SE107,,,3,1
911,SE208,Kiểm chứng phần mềm,Software Testing,Đang mở,CNPM,CN,,SE108,,,2,1
912,SE209,"Phát triển, vận hành, bảo trì phần mềm","Software Development, Deployment and Maintenance",Đang mở,CNPM,CN,,SE109,,,3,0
913,SE210,Quản lý dự án công nghệ thông tin,Information-Technology Project Management,Đang mở,CNPM,CN,,IS208,,,3,1
914,SE211,Phát triển phần mềm hướng đối tượng,Object-oriented Software Development Methodology,Đang mở,CNPM,CN,,SE100,,,3,1
915,SE212,Phát triển phần mềm mã nguồn mở,Open-source Software Development,Đang mở,CNPM,CN,,SE331,,,2,1
916,SE213,Xử lý phân bố,Distributed Computing,Đang mở,CNPM,CN,,SE339,,,2,1
917,SE214,Công nghệ phần mềm chuyên sâu,Advanced Software Engineering,Đang mở,CNPM,CN,,,,SE104IT001IT003,3,1
918,SE215,Giao tiếp người máy,Human-Computer Interaction,Đang mở,CNPM,CN,,,,SE104,3,1
919,SE220,Thiết kế game,Game Design,Đang mở,CNPM,CN,SE323,,,,3,0
920,SE221,Lập trình game nâng cao,Advanced Game Programming,Đang mở,CNPM,CN,,,,SE102,3,1
921,SE301,Phát triển phần mềm mã nguồn mở,Open Source Software Development,Đang mở,CNPM,CN,SE212,,,IT003IT004IT002SE104SE109IT001,3,0
922,SE310,Công nghệ .NET,.NET Technology,Đang mở,CNPM,CNTC,SE312,,,IT008,3,1
923,SE311,Ngôn ngữ lập trình Java,Java Programming Language,Đang mở,CNPM,CN,,SE330,,,3,1
924,SE312,Công nghệ .NET,.Net Technology,Đang mở,CNPM,CN,,SE310,,IT004SE104SE347,3,1
925,SE313,Một số thuật toán thông minh,Intelligent Algorithms,Đang mở,CNPM,CNTC,SE337,,,IT002IT003IT001,2,0
926,SE314,Công nghệ game 3D,3D Game Technology,Đang mở,CNPM,CN,,,,,2,1
927,SE315,Công nghệ game online,Technology for Online Game Development,Đang mở,CNPM,CN,,,,IT002IT004,3,1
928,SE316,Phát triển game đa nền tảng,Cross-Platform Game Development,Đang mở,CNPM,CN,,,,SE115,2,1
929,SE317,Công nghệ tiên tiến trong phát triển game,Advanced Technologies in Game Development,Đang mở,CNPM,CN,,,,,2,1
930,SE320,Lập trình đồ họa 3 chiều với Direct3D,3D Programming with Direct3D,Đang mở,CNPM,CNTC,,,,SE102,3,1
931,SE321,Lập trình trên thiết bị di động,Mobile Device Application Development,Đang mở,CNPM,CN,,SE346,,,4,0
932,SE322,Công nghệ Web và ứng dụng,Web Technology and Applications,Đang mở,CNPM,CN,,SE341,,,2,0
933,SE323,Thiết kế Game,Introduction to game design,Đang mở,CNPM,CN,,SE220,,,4,0
934,SE324,Nhập môn lập trình 3D game,3D game engine design,Đang mở,CNPM,CN,,,,,3,1
935,SE325,Chuyên đề J2EE,J2EE,Đang mở,CNPM,CNTC,,,,IT002IT003IT004,3,1
936,SE326,Cơ sở dữ liệu nâng cao,Advanced Databases,Đang mở,CNPM,CN,,IS337,,,2,0
937,SE327,Phát triển và vận hành game,Game Development and Operations,Đang mở,CNPM,CNTC,,,,SE102,3,0
938,SE328,Lập trình trí tuệ nhân tạo trong game,Artificial Intelligent in Game Development,Đang mở,CNPM,CNTC,SE334,,,IT002IT003SE102,3,1
939,SE329,Thiết kế 3D Game Engine,3D Game Engine Design,Đang mở,CNPM,CNTC,,,,SE102,3,1
940,SE330,Ngôn ngữ lập trình Java,Java Programming Language,Đang mở,CNPM,CSN,SE311,,,IT001IT002,3,1
941,SE331,Chuyên đề E-commerce,E-Commerce,Đang mở,CNPM,CNTC,SE331,,,IT004SE104,2,0
942,SE332,Chuyên đề cơ sở dữ liệu nâng cao,Advanced Database,Đang mở,CNPM,CN,SE326,,,IT004,2,0
943,SE333,Chuyên đề E-Government,E-Government,Đang mở,CNPM,CN,,SE404,,,2,0
944,SE334,Các phương pháp lập trình,Programming Paradigms,Đang mở,CNPM,CN,SE103,,,IT001,2,1
945,SE335,Công nghệ XML và ứng dụng,XML technology and applications,Đang mở,CNPM,CN,,,,,3,1
946,SE336,Phương pháp luận sáng tạo KH-CN,Scientific methodology and innovation,Đang mở,CNPM,CN,,CS519,,,2,0
947,SE337,Các thuật toán thông minh,Intelligent Algorithms,Đang mở,CNPM,CN,,SE313,,,1,0
948,SE338,Logic mờ,Fuzzy logic,Đang mở,CNPM,CN,SE342,CS405,,,2,0
949,SE339,Xử lý phân bổ,Distributed computing,Đang mở,CNPM,CN,,,,,2,1
950,SE340,Quản lý dự án công nghệ thông tin,Information-technology project management,Đang mở,CNPM,CN,SE210,IS208,,IT001,3,1
951,SE341,Công nghệ Web và ứng dụng,Web technology and applications,Đang mở,CNPM,CN,,,,IT001IT002IT004,2,0
952,SE342,Logic mờ,Fuzzy logic,Đang mở,CNPM,CN,,,,,2,0
953,SE343,Công nghệ Portal,Portal Technology,Đang mở,CNPM,CNTC,SE343,,,SE347,3,0
954,SE344,Lập trình game trong các thiết bị di động,Mobile Game Programming,Đang mở,CNPM,CNTC,SE344,,,IT001SE346,3,1
955,SE345,Kỹ thuật lập trình nhúng,Embedded programming techniques,Đang mở,CNPM,CN,,,,,3,1
956,SE346,Lập trình trên thiết bị di động,Mobile Device Application Development,Đang mở,CNPM,CN,,,,IT001IT008,3,1
957,SE347,Công nghệ web và ứng dụng,Web Technologies and Applications,Đang mở,CNPM,CNTC,,SE341,,IT001IT002IT004,3,1
958,SE348,Chuyên đề M-commerce,M-Commerce,Đang mở,CNPM,ĐC,,,,SE331,2,0
959,SE349,Nhập môn Quản trị doanh nghiệp,Introduction to business administration,Đang mở,CNPM,CN,ITEM1,IE202,,,2,0
960,SE350,Chuyên đề E-learning,E-Learning,Đang mở,CNPM,ĐC,,,,,2,0
961,SE351,Xử lý song song,Parallel Processing,Đang mở,CNPM,CN,,,,IT001IT002IT003,3,1
962,SE352,Phát triển ứng dụng VR,VR App Development,Đang mở,CNPM,CNTC,,,,SE102,2,1
963,SE354,Chuyên đề các quy trình phát triển phần mềm hiện đại,Special Topics in Modern Software Development Processes,Đang mở,CNPM,CNTC,,,,,2,1
964,SE355,Máy học và các công cụ,Machine Learning and Tools,Đang mở,CNPM,CN,,,,IT003,2,1
965,SE356,Kiến trúc phần mềm,Software Architecture,Đang mở,CNPM,CNTC,,,,SE104SE100,3,1
966,SE357,Kỹ thuật phân tích yêu cầu,Requirements Engineering,Đang mở,CNPM,CNTC,,,,SE104,2,1
967,SE358,Quản lý dự án phát triển phần mềm,Software Development Project Management,Đang mở,CNPM,CN,,,,SE104,3,1
968,SE359,DevOps trong phát triển phần mềm,DevOps in Software Developing,Đang mở,CNPM,CSN,,,,,2,1
969,SE360,Điện toán đám mây và phát triển ứng dụng hướng dịch vụ,Cloud Computing and Building Cloud-Native Applications,Đang mở,CNPM,CSN,,,,,3,1
970,SE361,Phát triển phần mềm theo kiến trúc Microservices,Microservices Software Development,Đang mở,CNPM,CSN,,,,IT002IT004,3,1
971,SE362,An toàn phần mềm và hệ thống,Software and Systems Security,Đang mở,CNPM,CN,,,,,3,1
972,SE363,Phát triển ứng dụng trên nền tảng dữ liệu lớn,Application Development on Big Data Platforms,Đang mở,CNPM,CN,,,,,3,1
973,SE364,Thiết kế giao diện và trải nghiệm người dùng,UI/UX Design,Đang mở,CNPM,CN,,,,IT001,3,1
974,SE365,Học sâu ứng dụng trong phát triển phần mềm,Applied Deep Learning in Software Engineering,Đang mở,CNPM,CN,,,,,3,1
975,SE400,Seminar các vấn đề hiện đại của công nghệ phần mềm,Seminar on Modern Software Engineering,Đang mở,CNPM,CĐTN,,,,SE100SE104,4,0
976,SE401,Mẫu thiết kế,Design Patterns,Đang mở,CNPM,CĐTN,,,,SE100,3,0
977,SE402,Điện toán đám mây,Cloud computing,Đang mở,CNPM,CĐTN,,IS402,,IT005IT008,2,0
978,SE403,Nguyên lý thiết kế thế giới ảo,Virtual World Design,Đang mở,CNPM,CĐTN,,,,,4,0
979,SE404,Chuyên đề E-Government,E-Government,Đang mở,CNPM,CĐTN,SE333,,,,2,0
980,SE405,Chuyên đề mobile and pervasive computing,Mobile Pervasive Computing,Đang mở,CNPM,CĐTN,,,,SE114,3,0
981,SE406,Mẫu thiết kế hướng đối tượng,Object-Oriented Design Patterns,Đang mở,CNPM,CĐTN,,,,SE100,4,0
982,SE407,Chuyên đề pervasive and mobile computing,Pervasive Mobile Computing,Đang mở,CNPM,CĐTN,,,,SE114,4,0
983,SE408,Phát triển game với blockchain,Blockchain-Based Game Development,Đang mở,CNPM,CĐTN,,,,,3,1
984,SE409,Phát triển dự án game,Game Project Development,Đang mở,CNPM,CN,,,,,3,1
985,SE417,Đồ án môn học mã nguồn mở,Open Source Project,Đang mở,CNPM,ĐA,,SE111,,,2,0
986,SE418,Đồ án môn học chuyên ngành,Specialized Project,Đang mở,CNPM,ĐA,,SE112,,,3,0
987,SE501,Thực tập tốt nghiệp,Internship,Đang mở,CNPM,TTTN,,,,,2,0
988,SE502,Thực tập,Internship,Đang mở,CNPM,TTTN,,,,,2,0
989,SE503,Đồ án,Major Project,Đang mở,CNPM,CN,,,,,2,0
990,SE505,Khóa luận tốt nghiệp,Thesis,Đang mở,CNPM,KLTN,,,,SE122,10,0
991,SE506,Đồ án tốt nghiệp tại doanh nghiệp,Industry Capstone Project,Đang mở,CNPM,KLTN,,,,SE122,10,0
992,SE507,Đồ án tốt nghiệp,Capstone Project,Đang mở,CNPM,ĐA,,,,SE122,6,0
993,SMET1,Phương pháp NCKH trong tin học,Scientific Research Methodology in Informatics,Đang mở,PĐTĐH,ĐC,SMET1,CS519SS005,,,2,0
994,SMET2,Phương pháp luận sáng tạo KH-CN,Scientific Method and Innovation,Đang mở,PĐTĐH,ĐC,SMET2,CS519SS005,,,2,0
995,SOCI1,Chủ nghĩa xã hội khoa học,Scientific socialism,Đang mở,P.ĐTĐH,ĐC,,,,,3,0
996,SP3724,Kỹ năng giao tiếp,Communication Skills,Đang mở,HTTT,ĐC,,,,,3,0
997,SPCH2713,Kỹ năng giao tiếp,Introduction to Speech Communication,Đang mở,HTTT,ĐC,,,,,2,0
998,SPCH3723,Tiếng Anh chuyên ngành công nghệ thông tin,English for Computer Science,Đang mở,HTTT,ĐC,,,,,3,0
999,SPCH3724,Kỹ năng giao tiếp,Communication skills,Đang mở,HTTT,ĐC,SP3724,SPCH2713,,,3,0
1000,SS001,Những nguyên lý cơ bản của chủ nghĩa Mác Lênin,Fundamental principles of Marxism-Leninism,Đang mở,PĐTĐH,ĐC,PHIL1,,,,5,0
1001,SS002,Đường lối cách mạng của Đảng CS Việt Nam,The revolutionary way of the communist party of Vietnam,Đang mở,PĐTĐH,ĐC,VCPL1,SS010,,,3,0
1002,SS003,Tư tưởng Hồ Chí Minh,Ho Chi Minh Thought,Đang mở,PĐTĐH,LLCT,HCMT1,,,,2,0
1003,SS004,Kỹ năng nghề nghiệp,Professional Skills,Đang mở,PĐTĐH,ĐC,,,,,2,0
1004,SS005,Phương pháp luận sáng tạo KH-CN,Scientific methodology and innovation,Đang mở,PĐTĐH,ĐC,SE336,SMET1 SMET2CS519,,,2,0
1005,SS006,Pháp luật đại cương,Introduction to Law,Đang mở,P.ĐTĐH,ĐC,,,,,2,0
1006,SS007,Triết học Mác – Lênin,Philosophy of Marxism and Leninism,Đang mở,PĐTĐH,LLCT,,,,,3,0
1007,SS008,Kinh tế chính trị Mác – Lênin,Political Economics of Marxism and Leninism,Đang mở,PĐTĐH,LLCT,,,,,2,0
1008,SS009,Chủ nghĩa xã hội khoa học,Scientific Socialism,Đang mở,PĐTĐH,LLCT,,,,,2,0
1009,SS010,Lịch sử Đảng Cộng sản Việt Nam,History of Vietnamese Communist Party,Đang mở,PĐTĐH,LLCT,,,,,2,0
1010,SSKL1,Kỹ năng mềm,Soft skills,Đang mở,P.ĐTĐH,ĐC,,,,,2,0
1011,STA01,Xác suất thống kê,Statistics,Đang mở,BMAV,ĐC,,MA005,,,3,0
1012,STAT11,Xác xuất thống kê,Statistics,Đang mở,HTTT,ĐC,,,,,3,0
1013,STAT3013,Phân tích thống kê,Intermediate Statistical Analysis,Đang mở,HTTT,CS,,,,STAT4033,3,0
1014,STAT4033,Thống kê,Statistics,Đang mở,HTTT,ĐC,,,,MATH3013,3,0
1015,THU086,Đào tạo năng lực thông tin,Information Literacy Training,Đang mở,PĐTĐH,CN,,,,,2,0
1016,THU107,Truyền thông xã hội trong các tổ chức,Social Media in Organizations,Đang mở,PĐTĐH,CN,,,,,2,0
1017,TLH025,Tâm lý học nhân cách,Personality Psychology,Đang mở,PĐTĐH,CN,,,,,3,0
1018,TOEIC 450,TOEIC 450,TOEIC 450,Đang mở,TTNN,ĐC,,,,,0,0
1019,TOEIC450,TOEIC 450,TOEIC 450,Đang mở,TTNN,ĐC,,,,,0,0
1020,VCPH1,Lịch sử Đảng CSVN,History of the Communist Party of Vietnam,Đang mở,P.ĐTĐH,ĐC,,,,,3,0
1021,VCPL1,Đường lối cách mạng của Đảng CSVN,Revolution Directions of Vietnam Communist Party,Đang mở,TTNN,ĐC,,SS002,,,3,0
1022,WINP1,Lập trình trên Windows,Windows Programming,Đang mở,CNPM,ĐC,,IT008,,,3,1
